year,id,Age,G,FG%,3P%,FT%,PS/G,TRB/G,AST/G,STL/G,BLK/G,TOV/G
2019,adamsja01,22,34,0.345,0.33799999999999997,0.778,3.2,1.8,1.9,0.4117647058823529,0.14705882352941177,0.8235294117647058
2019,adelde01,21,19,0.306,0.261,1.0,1.7,1.0,0.3,0.05263157894736842,0.21052631578947367,0.3157894736842105
2019,akoonde01,25,7,0.3,0.0,0.5,1.0,0.6,0.9,0.2857142857142857,0.0,0.2857142857142857
2019,alkinra01,21,10,0.33299999999999996,0.25,0.667,3.7,2.6,1.3,0.1,0.0,0.8
2019,allengr01,23,38,0.376,0.32299999999999995,0.75,5.6,0.6,0.7,0.15789473684210525,0.15789473684210525,0.868421052631579
2019,antetko01,21,2,0.0,0.4242836158192093,0.5,1.0,0.5,0.0,1.0,0.0,0.5
2019,aytonde01,20,71,0.585,0.0,0.746,16.3,10.3,1.8,0.8591549295774648,0.9436619718309859,1.7746478873239437
2019,baglema01,19,62,0.504,0.313,0.691,14.9,7.6,1.0,0.532258064516129,0.9516129032258065,1.5806451612903225
2019,bambamo01,20,47,0.48100000000000004,0.3,0.5870000000000001,6.2,5.0,0.8,0.2765957446808511,1.3617021276595744,0.9148936170212766
2019,bateske01,23,30,0.423,0.25,0.643,5.0,2.8,0.6,0.6,0.4666666666666667,0.4666666666666667
2019,bertada02,29,12,0.255,0.294,0.4242836158192093,2.8,0.8,0.8,0.08333333333333333,0.0,0.16666666666666666
2019,blossja01,25,27,0.44299999999999995,0.256,0.769,4.2,3.6,0.5,0.25925925925925924,0.2962962962962963,0.4074074074074074
2019,boldejo01,23,44,0.494,0.354,0.48100000000000004,4.7,3.8,0.9,0.38636363636363635,0.8863636363636364,0.8181818181818182
2019,bongais01,19,22,0.152,0.0,0.6,0.9,1.1,0.7,0.4090909090909091,0.18181818181818182,0.2727272727272727
2019,bridgmi01,22,82,0.43,0.335,0.805,8.3,3.2,2.1,1.5731707317073171,0.4634146341463415,0.8536585365853658
2019,bridgmi02,20,80,0.46399999999999997,0.325,0.753,7.5,4.0,1.2,0.6875,0.6125,0.625
2019,briscis01,22,39,0.39899999999999997,0.324,0.5770000000000001,3.5,1.9,2.2,0.28205128205128205,0.05128205128205128,0.7948717948717948
2019,broekry01,28,42,0.452,0.409,0.789,4.0,1.5,0.5,0.14285714285714285,0.09523809523809523,0.38095238095238093
2019,brownbr01,22,74,0.39799999999999996,0.258,0.75,4.3,2.5,1.2,0.5405405405405406,0.4864864864864865,0.6216216216216216
2019,browntr01,19,52,0.415,0.319,0.6809999999999999,4.8,2.8,1.5,0.40384615384615385,0.09615384615384616,0.5769230769230769
2019,brunsja01,22,73,0.467,0.348,0.725,9.3,2.3,3.2,0.5068493150684932,0.0547945205479452,1.2054794520547945
2019,burtode02,25,32,0.402,0.29600000000000004,0.667,2.6,0.9,0.3,0.1875,0.25,0.28125
2019,carteje01,23,39,0.303,0.33299999999999996,0.813,4.4,1.7,1.8,0.6666666666666666,0.28205128205128205,0.8461538461538461
2019,cartewe01,19,44,0.485,0.188,0.795,10.3,7.0,1.8,0.5909090909090909,1.3181818181818181,1.4772727272727273
2019,caupatr01,23,4,0.5,0.667,0.4242836158192093,2.5,0.8,1.0,0.25,0.0,0.0
2019,chealjo01,23,1,0.33299999999999996,0.4242836158192093,0.4242836158192093,2.0,0.0,1.0,0.0,0.0,0.0
2019,chiozch01,23,7,0.25,0.4,0.4242836158192093,0.9,0.6,0.6,0.14285714285714285,0.14285714285714285,0.14285714285714285
2019,clarkga01,24,51,0.331,0.297,1.0,2.9,2.3,0.4,0.39215686274509803,0.5098039215686274,0.13725490196078433
2019,colsobo01,23,8,0.33299999999999996,0.23800000000000002,0.889,4.9,3.8,0.4,0.625,0.125,0.375
2019,creekmi01,26,5,0.5,0.0,0.7140000000000001,4.2,2.4,1.2,0.4,0.0,0.2
2019,davisty01,21,1,0.0,0.4242836158192093,0.4242836158192093,0.0,1.0,0.0,0.0,0.0,0.0
2019,delgaan01,24,2,0.2,0.4242836158192093,0.5,1.5,2.0,0.0,0.5,0.0,0.0
2019,derrima01,22,11,0.485,0.5,0.8,4.2,1.2,0.1,0.0,0.09090909090909091,0.2727272727272727
2019,diallha01,20,51,0.455,0.16699999999999998,0.61,3.7,1.9,0.3,0.4117647058823529,0.19607843137254902,0.45098039215686275
2019,divindo01,22,27,0.40299999999999997,0.265,0.75,4.9,2.4,1.1,0.48148148148148145,0.2222222222222222,0.7037037037037037
2019,doncilu01,19,72,0.42700000000000005,0.327,0.713,21.2,7.8,6.0,1.0694444444444444,0.3472222222222222,3.4305555555555554
2019,duvaltr01,20,3,0.667,1.0,0.4242836158192093,1.7,0.3,0.7,0.0,0.0,0.0
2019,edwarvi01,22,2,0.25,0.25,0.4242836158192093,1.5,1.0,0.0,0.0,0.0,0.0
2019,eubandr01,21,23,0.5770000000000001,0.4242836158192093,0.846,1.8,1.5,0.3,0.08695652173913043,0.21739130434782608,0.34782608695652173
2019,evansja02,21,30,0.34,0.267,0.0,1.3,0.8,0.8,0.16666666666666666,0.1,0.36666666666666664
2019,frazime01,22,10,0.33299999999999996,0.0,0.25,1.5,0.5,0.1,0.1,0.0,0.1
2019,garrebi01,24,4,0.40700000000000003,0.0,1.0,6.5,0.8,1.8,0.25,0.25,0.5
2019,gilesha01,20,58,0.503,0.0,0.637,7.0,3.8,1.5,0.5344827586206896,0.3793103448275862,1.2586206896551724
2019,gilgesh01,20,82,0.47600000000000003,0.36700000000000005,0.8,10.8,2.8,3.3,1.170731707317073,0.5487804878048781,1.7195121951219512
2019,goodwbr01,23,16,0.261,0.33299999999999996,0.818,1.4,0.2,0.9,0.0,0.0,0.1875
2019,grahade01,23,46,0.34299999999999997,0.281,0.7609999999999999,4.7,1.4,2.6,0.5,0.043478260869565216,0.6521739130434783
2019,grantdo01,23,3,0.0,0.0,0.4242836158192093,0.0,0.0,0.0,0.0,0.0,0.0
2019,hannadu01,25,2,0.25,0.0,1.0,4.0,0.5,2.5,0.5,0.0,0.5
2019,harteis01,20,28,0.488,0.33299999999999996,0.7859999999999999,1.9,1.7,0.5,0.25,0.42857142857142855,0.4642857142857143
2019,highsha01,22,5,0.4,0.2,0.0,1.8,1.0,0.4,0.2,0.0,0.2
2019,holidaa01,22,50,0.401,0.33899999999999997,0.82,5.9,1.3,1.7,0.42,0.26,0.8
2019,huertke01,20,75,0.419,0.385,0.732,9.7,3.3,2.9,0.8666666666666667,0.3333333333333333,1.4533333333333334
2019,humphis01,21,5,0.28600000000000003,0.273,0.4242836158192093,3.0,2.2,0.0,0.2,0.0,0.0
2019,hutchch01,22,44,0.45899999999999996,0.28,0.605,5.2,4.2,0.8,0.5227272727272727,0.13636363636363635,0.5681818181818182
2019,jacksfr01,20,61,0.434,0.314,0.74,8.1,2.2,1.1,0.4098360655737705,0.03278688524590164,0.7868852459016393
2019,jacksja02,19,58,0.506,0.359,0.7659999999999999,13.8,4.7,1.1,0.896551724137931,1.4137931034482758,1.6896551724137931
2019,jeffeam01,25,12,0.625,0.4242836158192093,0.875,2.3,1.8,0.3,0.25,0.25,0.08333333333333333
2019,johnsal02,22,14,0.25,0.5,0.5,0.9,1.4,0.1,0.07142857142857142,0.21428571428571427,0.0
2019,johnsbj01,23,7,0.5,0.429,1.0,3.3,1.1,0.0,0.2857142857142857,0.0,0.2857142857142857
2019,jonesje01,23,6,0.364,0.2,0.5,4.5,8.2,2.2,1.1666666666666667,0.8333333333333334,0.8333333333333334
2019,kingge03,25,1,0.42428361581920937,0.4242836158192093,0.4242836158192093,0.0,1.0,0.0,0.0,0.0,0.0
2019,knoxke01,19,75,0.37,0.34299999999999997,0.7170000000000001,12.8,4.5,1.1,0.5733333333333334,0.32,1.52
2019,kurucro01,20,63,0.45,0.315,0.7829999999999999,8.5,3.9,0.8,0.6507936507936508,0.3968253968253968,1.2222222222222223
2019,loftoza01,26,1,0.0,0.0,0.4242836158192093,0.0,0.0,0.0,1.0,0.0,1.0
2019,loydjo01,25,12,0.444,0.5,0.818,2.4,0.8,0.5,0.0,0.0,0.16666666666666666
2019,maconda01,23,8,0.37,0.455,0.5710000000000001,3.6,1.5,0.9,0.125,0.0,0.75
2019,macurjp01,23,2,0.33299999999999996,0.0,0.4242836158192093,3.0,1.5,1.0,0.0,0.0,0.0
2019,matenya01,22,2,0.25,0.0,0.4242836158192093,1.0,1.5,0.0,0.5,0.0,0.0
2019,mccalta01,24,1,0.667,0.0,0.0,4.0,1.0,0.0,0.0,0.0,0.0
2019,meltode01,20,50,0.391,0.305,0.75,5.0,2.7,3.2,1.36,0.46,1.5
2019,metuch01,21,29,0.32799999999999996,0.0,0.765,1.8,1.2,0.4,0.20689655172413793,0.06896551724137931,0.5172413793103449
2019,miltosh01,22,20,0.391,0.318,0.7140000000000001,4.4,1.8,0.9,0.4,0.4,0.3
2019,musadz01,19,9,0.409,0.1,0.0,2.1,0.6,0.2,0.2222222222222222,0.0,0.4444444444444444
2019,mykhasv01,21,42,0.32899999999999996,0.326,0.6,3.2,0.9,0.9,0.3333333333333333,0.023809523809523808,0.5
2019,okoboel01,21,53,0.39299999999999996,0.295,0.787,5.7,1.8,2.4,0.6037735849056604,0.1320754716981132,1.3018867924528301
2019,okogijo01,20,74,0.386,0.27899999999999997,0.728,7.7,2.9,1.2,1.1891891891891893,0.44594594594594594,0.8513513513513513
2019,pinsoth01,23,18,0.342,0.261,0.8640000000000001,4.5,2.0,1.2,0.3333333333333333,0.0,1.0
2019,reynoca01,23,19,0.423,0.41200000000000003,0.889,5.0,1.6,0.7,0.3157894736842105,0.10526315789473684,0.2631578947368421
2019,robindu01,24,15,0.391,0.28600000000000003,0.667,3.3,1.3,0.3,0.3333333333333333,0.0,0.26666666666666666
2019,robinje01,21,33,0.4,0.316,0.667,3.4,1.2,0.6,0.3333333333333333,0.09090909090909091,0.3939393939393939
2019,robinmi01,20,66,0.6940000000000001,0.4242836158192093,0.6,7.3,6.4,0.6,0.7878787878787878,2.4393939393939394,0.5303030303030303
2019,sampsbr01,21,14,0.467,0.379,0.667,5.1,1.1,0.7,0.5714285714285714,0.21428571428571427,0.8571428571428571
2019,sextoco01,20,82,0.43,0.402,0.8390000000000001,16.7,2.9,3.0,0.5365853658536586,0.07317073170731707,2.2560975609756095
2019,shamela01,21,79,0.431,0.42200000000000004,0.8059999999999999,9.1,1.7,1.5,0.46835443037974683,0.12658227848101267,0.569620253164557
2019,siberjo01,26,1,1.0,1.0,0.4242836158192093,3.0,0.0,0.0,0.0,0.0,0.0
2019,simonan01,19,20,0.444,0.345,0.563,3.8,0.7,0.7,0.05,0.0,0.55
2019,smithzh01,19,6,0.41200000000000003,0.375,0.75,6.7,2.2,1.7,0.3333333333333333,0.3333333333333333,1.0
2019,spaldra01,21,14,0.532,0.0,0.33299999999999996,3.9,3.4,0.4,0.6428571428571429,0.5714285714285714,0.6428571428571429
2019,spellom01,21,46,0.402,0.344,0.711,5.9,4.2,1.0,0.5652173913043478,0.5434782608695652,0.6739130434782609
2019,terreja01,23,14,0.308,0.235,0.5,2.2,0.4,0.9,0.21428571428571427,0.14285714285714285,0.7142857142857143
2019,terryem01,22,3,0.5710000000000001,0.4242836158192093,0.5,3.3,2.3,0.7,1.0,0.0,0.6666666666666666
2019,thomakh01,22,26,0.319,0.28600000000000003,0.636,2.3,0.8,0.3,0.2692307692307692,0.19230769230769232,0.15384615384615385
2019,trentga02,20,15,0.32,0.23800000000000002,0.429,2.7,0.7,0.3,0.06666666666666667,0.13333333333333333,0.26666666666666666
2019,trieral01,23,64,0.44799999999999995,0.39399999999999996,0.8029999999999999,10.9,3.1,1.9,0.4375,0.21875,1.8125
2019,vandeja01,19,17,0.474,0.0,0.6,1.4,1.4,0.2,0.35294117647058826,0.058823529411764705,0.47058823529411764
2019,wagnemo01,21,43,0.415,0.28600000000000003,0.8109999999999999,4.8,2.0,0.6,0.2558139534883721,0.3023255813953488,0.9069767441860465
2019,walkelo01,20,17,0.348,0.385,0.8,2.6,1.0,0.5,0.4117647058823529,0.17647058823529413,0.23529411764705882
2019,wanambr01,29,36,0.47600000000000003,0.41,0.857,3.9,1.1,1.6,0.3333333333333333,0.05555555555555555,0.5277777777777778
2019,washbju01,27,18,0.33299999999999996,0.20800000000000002,0.75,2.2,2.3,0.8,0.7222222222222222,0.1111111111111111,0.3888888888888889
2019,watanyu01,24,15,0.294,0.125,0.7,2.6,2.1,0.5,0.26666666666666666,0.06666666666666667,0.4
2019,welshth01,22,11,0.5379999999999999,0.429,0.5,1.6,0.4,0.5,0.0,0.0,0.09090909090909091
2019,willijo04,23,24,0.591,0.0,0.563,6.5,4.1,0.5,0.3333333333333333,0.2916666666666667,0.6666666666666666
2019,willike04,24,46,0.384,0.33299999999999996,0.684,6.1,4.8,1.8,0.9782608695652174,0.41304347826086957,0.782608695652174
2019,williro04,21,32,0.706,0.4242836158192093,0.6,2.5,2.5,0.2,0.28125,1.25,0.3125
2019,youngtr01,20,81,0.418,0.324,0.8290000000000001,19.1,3.7,8.1,0.8888888888888888,0.18518518518518517,3.802469135802469
2018,adebaba01,20,151,0.55,0.136,0.728,8.0,6.5,1.9,0.6821192052980133,0.7019867549668874,1.2384105960264902
2018,allenja01,19,152,0.59,0.183,0.732,9.6,7.0,1.0,0.46710526315789475,1.368421052631579,1.2171052631578947
2018,allenka01,25,37,0.436,0.36200000000000004,0.778,5.6,1.7,2.4,0.5135135135135135,0.16216216216216217,0.9459459459459459
2018,anigbik01,19,14,0.33299999999999996,0.4242836158192093,0.833,0.9,0.9,0.1,0.07142857142857142,0.2857142857142857,0.21428571428571427
2018,anunoog01,20,141,0.461,0.35100000000000003,0.605,6.4,2.7,0.7,0.6950354609929078,0.2553191489361702,0.7092198581560284
2018,arcidry01,23,105,0.444,0.363,0.87,5.6,2.3,2.9,0.7428571428571429,0.0380952380952381,0.7238095238095238
2018,artisja01,25,15,0.392,0.276,0.583,5.1,2.5,1.2,0.13333333333333333,0.2,0.5333333333333333
2018,bacondw01,22,96,0.43200000000000005,0.377,0.7609999999999999,5.1,2.2,0.9,0.2916666666666667,0.07291666666666667,0.4270833333333333
2018,balllo01,20,99,0.38,0.315,0.43700000000000006,10.0,6.2,6.4,1.5858585858585859,0.6262626262626263,2.414141414141414
2018,belljo01,23,125,0.57,0.0,0.647,3.9,3.1,1.4,0.44,0.856,0.744
2018,birchkh01,25,92,0.574,0.0,0.6940000000000001,4.5,4.0,0.8,0.358695652173913,0.5434782608695652,0.44565217391304346
2018,birdja01,23,13,0.5770000000000001,0.429,0.462,3.0,1.5,0.6,0.23076923076923078,0.07692307692307693,0.6153846153846154
2018,blakean01,21,76,0.406,0.35700000000000004,0.696,7.5,1.8,0.8,0.25,0.13157894736842105,0.6052631578947368
2018,bogdabo01,25,148,0.431,0.375,0.833,12.9,3.1,3.5,0.972972972972973,0.20945945945945946,1.635135135135135
2018,bouchch01,25,29,0.442,0.316,0.867,3.2,2.0,0.1,0.20689655172413793,0.8275862068965517,0.2413793103448276
2018,bradlto01,20,12,0.40700000000000003,0.0,0.75,2.1,2.2,0.2,0.16666666666666666,0.16666666666666666,0.25
2018,brookdi01,22,100,0.435,0.359,0.745,10.3,2.9,1.5,0.83,0.21,1.43
2018,brownst02,22,112,0.439,0.35700000000000004,0.758,5.3,2.9,1.0,0.5,0.1875,0.6339285714285714
2018,bryanth01,20,87,0.606,0.312,0.767,9.0,5.4,1.1,0.2988505747126437,0.7931034482758621,0.7126436781609196
2018,carusal01,23,62,0.439,0.39799999999999996,0.7659999999999999,5.9,2.1,2.5,0.7580645161290323,0.3064516129032258,1.3548387096774193
2018,cavanty01,23,50,0.43200000000000005,0.35100000000000003,0.826,3.8,2.7,0.6,0.18,0.08,0.3
2018,clavegi01,24,7,0.33299999999999996,0.4,1.0,2.9,1.0,0.4,0.2857142857142857,0.0,0.2857142857142857
2018,clevean01,23,17,0.381,0.75,0.667,1.4,0.8,0.1,0.4117647058823529,0.29411764705882354,0.4117647058823529
2018,collijo01,20,135,0.5660000000000001,0.34600000000000003,0.743,14.6,8.4,1.6,0.5111111111111111,0.8814814814814815,1.6666666666666667
2018,colliza01,20,143,0.441,0.321,0.72,5.6,3.8,0.9,0.2937062937062937,0.6783216783216783,0.9440559440559441
2018,colliky01,26,32,0.384,0.235,0.525,3.2,3.3,1.8,0.53125,0.28125,0.75
2018,cookech01,23,13,0.14300000000000002,0.125,0.5,0.5,0.2,0.1,0.07692307692307693,0.0,0.07692307692307693
2018,costema01,24,4,0.5,0.4242836158192093,0.4242836158192093,1.0,2.3,0.5,0.5,0.5,0.25
2018,craigto01,27,114,0.445,0.317,0.6759999999999999,5.2,3.4,0.9,0.4298245614035088,0.5350877192982456,0.5614035087719298
2018,dorsety01,21,104,0.389,0.35,0.669,6.7,2.3,1.3,0.2980769230769231,0.0673076923076923,0.6153846153846154
2018,dotsoda01,23,117,0.42100000000000004,0.361,0.736,8.2,3.0,1.4,0.5982905982905983,0.10256410256410256,0.7521367521367521
2018,doylemi01,24,10,0.27699999999999997,0.174,0.5,3.4,1.8,1.0,0.6,0.2,0.2
2018,doziepj01,21,8,0.391,0.25,0.5,2.6,2.3,0.6,0.25,0.0,0.125
2018,evansja01,21,56,0.345,0.263,0.7759999999999999,4.2,1.7,2.0,0.6964285714285714,0.10714285714285714,0.8928571428571429
2018,fergute01,19,135,0.425,0.35600000000000004,0.754,5.2,1.4,0.7,0.4740740740740741,0.1925925925925926,0.42962962962962964
2018,foxde01,20,154,0.439,0.345,0.725,14.6,3.3,5.9,1.3181818181818181,0.42207792207792205,2.5974025974025974
2018,fultzma01,19,33,0.414,0.267,0.534,7.7,3.4,3.4,0.8787878787878788,0.2727272727272727,1.2727272727272727
2018,grayjo01,24,5,0.268,0.231,0.636,6.4,2.0,2.4,1.6,0.4,1.4
2018,hamilda02,22,25,0.39399999999999996,0.35700000000000004,0.5,2.8,2.1,1.2,0.28,0.04,0.72
2018,harrish01,24,96,0.442,0.261,0.6829999999999999,6.5,2.9,2.0,1.1979166666666667,0.3854166666666667,0.8541666666666666
2018,hartjo01,22,130,0.435,0.361,0.695,7.9,3.9,1.3,0.8538461538461538,0.4307692307692308,0.8076923076923077
2018,hayesni01,23,9,0.33299999999999996,0.25,0.33299999999999996,3.0,2.4,0.7,0.2222222222222222,0.3333333333333333,0.2222222222222222
2018,hearnre01,26,3,0.5,0.5,0.4242836158192093,1.0,0.0,0.0,0.0,0.0,0.0
2018,henrymy01,25,20,0.376,0.32799999999999996,0.6,5.4,1.9,1.1,1.55,0.3,0.95
2018,hicksis01,23,21,0.46299999999999997,0.222,0.696,4.4,2.3,0.9,0.14285714285714285,0.3333333333333333,0.8095238095238095
2018,hollajo02,29,25,0.28800000000000003,0.306,0.6920000000000001,2.2,1.0,0.2,0.28,0.08,0.32
2018,huntevi01,23,4,0.6,0.4242836158192093,0.4242836158192093,1.5,0.8,0.0,0.0,0.25,0.25
2018,ingraan01,32,6,0.348,0.41700000000000004,1.0,4.0,1.3,1.2,0.6666666666666666,0.5,0.6666666666666666
2018,isaacjo01,20,102,0.419,0.327,0.8059999999999999,8.5,5.0,1.0,0.9019607843137255,1.2549019607843137,1.0
2018,iwundwe01,23,130,0.419,0.304,0.787,4.4,2.5,1.0,0.46923076923076923,0.26153846153846155,0.5692307692307692
2018,jacksaa01,31,1,0.33299999999999996,0.25,0.5,8.0,3.0,1.0,0.0,0.0,1.0
2018,jacksjo02,20,156,0.415,0.294,0.65,12.3,4.5,1.9,0.9871794871794872,0.5833333333333334,2.0448717948717947
2018,jacksju01,22,149,0.445,0.335,0.765,7.0,2.7,1.1,0.40268456375838924,0.18120805369127516,0.46308724832214765
2018,jamesmi02,27,36,0.38299999999999995,0.265,0.762,9.3,2.5,3.5,0.7777777777777778,0.19444444444444445,1.3611111111111112
2018,johnsda04,22,31,0.564,0.4242836158192093,0.55,1.8,1.1,0.3,0.1935483870967742,0.25806451612903225,0.0967741935483871
2018,johnsom01,28,4,0.429,0.33299999999999996,0.4242836158192093,5.5,2.8,1.8,0.5,0.0,0.75
2018,jonesja04,24,32,0.4,0.37,0.674,4.8,2.3,0.3,0.4375,0.09375,0.46875
2018,kennalu01,21,136,0.441,0.40299999999999997,0.847,8.6,2.6,1.8,0.5147058823529411,0.16911764705882354,0.9264705882352942
2018,klebima01,26,143,0.469,0.33799999999999997,0.767,6.1,3.9,0.8,0.43356643356643354,0.8741258741258742,0.5874125874125874
2018,korkmfu01,20,62,0.38799999999999996,0.32299999999999995,0.792,4.9,1.9,0.9,0.5,0.04838709677419355,0.43548387096774194
2018,kornelu01,22,66,0.382,0.36,0.807,6.9,3.0,1.2,0.5,0.8787878787878788,0.5606060606060606
2018,kuzmaky01,22,147,0.45299999999999996,0.335,0.731,17.3,5.9,2.2,0.6122448979591837,0.40816326530612246,1.8571428571428572
2018,leaftj01,20,111,0.511,0.35600000000000004,0.617,3.4,1.9,0.3,0.12612612612612611,0.2072072072072072,0.1981981981981982
2018,leeda03,25,47,0.423,0.32799999999999996,0.804,6.8,2.9,0.9,0.6808510638297872,0.02127659574468085,0.5319148936170213
2018,lemonwa01,25,11,0.43700000000000006,0.5,0.7140000000000001,9.4,2.6,3.2,1.0,0.18181818181818182,1.2727272727272727
2018,lydonty01,21,26,0.5,0.4,0.33299999999999996,0.9,0.7,0.2,0.07692307692307693,0.0,0.15384615384615385
2018,magetjo01,28,18,0.326,0.364,1.0,2.6,1.1,3.2,0.4444444444444444,0.05555555555555555,0.5
2018,markkla01,20,120,0.43200000000000005,0.36200000000000004,0.8590000000000001,16.7,8.2,1.3,0.6333333333333333,0.6083333333333333,1.4
2018,masonfr01,23,90,0.392,0.3,0.773,6.8,1.9,2.6,0.5555555555555556,0.15555555555555556,1.1222222222222222
2018,mathima01,25,4,0.5710000000000001,0.4242836158192093,0.0,2.0,2.5,0.0,0.25,0.0,0.0
2018,mccreer01,24,4,0.0,0.0,0.4242836158192093,0.0,0.3,0.0,0.25,0.0,0.25
2018,mckintr01,27,1,0.42428361581920937,0.4242836158192093,0.4242836158192093,0.0,0.0,0.0,0.0,0.0,0.0
2018,mckinal01,25,86,0.49,0.354,0.569,4.2,3.0,0.4,0.22093023255813954,0.18604651162790697,0.38372093023255816
2018,millema01,24,25,0.444,0.429,0.875,2.9,0.8,0.2,0.08,0.12,0.24
2018,mitchdo01,21,156,0.434,0.35100000000000003,0.805,22.1,3.9,3.9,1.435897435897436,0.3717948717948718,2.7756410256410255
2018,mitrona01,24,15,0.33299999999999996,0.25,1.0,1.3,0.4,1.0,0.06666666666666667,0.06666666666666667,0.5333333333333333
2018,monkma01,19,136,0.376,0.335,0.871,7.9,1.5,1.5,0.41911764705882354,0.20588235294117646,0.9926470588235294
2018,moorebe01,22,2,0.42428361581920937,0.4242836158192093,0.4242836158192093,0.0,0.5,0.5,0.0,0.0,0.0
2018,morrija01,22,10,0.405,0.231,0.5,3.8,2.1,1.1,0.4,0.1,0.7
2018,morrimo01,22,85,0.494,0.41200000000000003,0.807,10.1,2.3,3.6,0.8941176470588236,0.047058823529411764,0.6235294117647059
2018,motlejo01,22,33,0.534,0.111,0.574,6.0,3.0,0.5,0.24242424242424243,0.15151515151515152,0.7575757575757576
2018,naderab01,24,109,0.387,0.33299999999999996,0.667,3.6,1.7,0.4,0.3211009174311927,0.2018348623853211,0.5504587155963303
2018,ntilila01,19,121,0.354,0.305,0.735,5.9,2.2,3.1,0.7851239669421488,0.2644628099173554,1.5454545454545454
2018,onealro01,24,151,0.451,0.374,0.7879999999999999,5.1,3.5,1.5,0.5960264900662252,0.26490066225165565,0.8278145695364238
2018,ojelese01,23,129,0.382,0.318,0.613,3.0,1.9,0.3,0.24031007751937986,0.06201550387596899,0.34108527131782945
2018,osmande01,22,137,0.43700000000000006,0.35100000000000003,0.736,9.0,3.5,1.7,0.5985401459854015,0.10218978102189781,1.0656934306569343
2018,paigema01,24,5,0.28600000000000003,0.25,1.0,2.4,0.8,0.6,0.0,0.0,0.0
2018,pattoju01,20,4,0.33299999999999996,0.0,0.5,1.8,1.5,0.8,0.75,0.0,0.0
2018,paulbr01,26,64,0.433,0.278,0.512,2.3,1.1,0.6,0.390625,0.109375,0.453125
2018,perralo01,23,14,0.154,0.0,0.6,0.5,0.3,0.4,0.14285714285714285,0.07142857142857142,0.07142857142857142
2018,peteral01,22,20,0.37799999999999995,0.31,0.8,4.1,1.9,0.6,0.1,0.1,0.2
2018,pulleja01,28,3,0.5,0.0,0.4242836158192093,0.7,0.0,0.0,0.0,0.0,0.3333333333333333
2018,purviro01,23,16,0.327,0.25,0.867,6.0,1.7,1.1,0.1875,0.1875,0.625
2018,qizh01,22,19,0.212,0.105,0.667,1.3,1.2,0.1,0.10526315789473684,0.7368421052631579,0.5263157894736842
2018,rabbiv01,20,85,0.555,0.2,0.743,5.7,4.3,1.0,0.3411764705882353,0.3176470588235294,0.8235294117647058
2018,rathaxa01,23,5,0.28600000000000003,0.071,0.444,5.8,1.0,3.6,1.2,0.6,2.2
2018,reedda01,22,31,0.307,0.31,0.667,2.4,1.5,0.5,0.3548387096774194,0.06451612903225806,0.3548387096774194
2018,robinde01,22,8,0.5710000000000001,0.0,0.643,6.1,3.1,0.8,0.625,0.75,0.25
2018,simmobe01,21,160,0.5539999999999999,0.0,0.583,16.4,8.5,7.9,1.575,0.81875,3.45
2018,simmoko01,20,33,0.423,0.282,1.0,5.9,1.5,2.1,0.5454545454545454,0.15151515151515152,1.3333333333333333
2018,smithde03,20,122,0.40700000000000003,0.316,0.6679999999999999,14.5,3.4,5.0,1.1311475409836065,0.3114754098360656,2.8524590163934427
2018,sumneed01,22,24,0.354,0.259,0.625,2.8,1.0,0.4,0.5,0.20833333333333334,0.4166666666666667
2018,swanica01,20,48,0.37200000000000005,0.133,0.667,2.2,2.5,0.5,0.22916666666666666,0.08333333333333333,0.75
2018,tatumja01,19,159,0.461,0.4,0.84,14.8,5.5,1.9,1.050314465408805,0.7232704402515723,1.4842767295597483
2018,teodomi01,30,60,0.42,0.37799999999999995,0.8109999999999999,8.0,2.4,4.0,0.43333333333333335,0.1,1.9666666666666666
2018,theisda01,25,129,0.545,0.35200000000000004,0.745,5.5,3.9,1.0,0.3953488372093023,0.6976744186046512,0.689922480620155
2018,thornsi01,23,137,0.415,0.342,0.6890000000000001,2.5,1.3,0.6,0.45255474452554745,0.23357664233576642,0.5328467153284672
2018,wallaty01,23,92,0.435,0.237,0.674,5.5,2.2,1.2,0.5217391304347826,0.21739130434782608,0.8913043478260869
2018,waltode01,22,16,0.32,0.41200000000000003,1.0,1.8,1.0,1.0,0.4375,0.1875,0.125
2018,warneja01,24,3,0.583,0.4242836158192093,0.6,5.7,3.0,0.0,0.0,0.0,0.3333333333333333
2018,webbja01,24,10,0.25,0.21100000000000002,0.4242836158192093,1.6,2.4,0.4,0.1,0.0,0.4
2018,whitean01,24,15,0.342,0.36700000000000005,0.25,4.6,2.3,0.4,0.2,0.06666666666666667,0.5333333333333333
2018,whitede01,23,84,0.479,0.361,0.762,8.5,3.3,3.2,0.8452380952380952,0.5952380952380952,1.2261904761904763
2018,wileyja01,23,5,0.25,0.5,0.5,0.8,2.2,0.4,0.2,0.0,0.0
2018,willicj01,27,53,0.44799999999999995,0.287,0.765,4.7,1.2,1.0,0.6981132075471698,0.24528301886792453,0.4716981132075472
2018,willima05,24,3,0.33299999999999996,0.2,0.4242836158192093,1.7,0.3,0.0,0.0,0.0,0.3333333333333333
2018,wilsodj01,21,70,0.423,0.364,0.551,4.3,3.3,0.8,0.3,0.3,0.5142857142857142
2018,wilsoja02,27,15,0.469,0.429,0.5,7.0,2.1,0.7,0.3333333333333333,0.5333333333333333,0.5333333333333333
2018,yabusgu01,22,74,0.442,0.32299999999999995,0.682,2.3,1.4,0.4,0.16216216216216217,0.16216216216216217,0.36486486486486486
2018,zizican01,21,91,0.583,0.4242836158192093,0.708,6.4,4.2,0.6,0.16483516483516483,0.38461538461538464,0.7912087912087912
2017,abrinal01,23,174,0.387,0.368,0.88,5.3,1.4,0.5,0.5287356321839081,0.12643678160919541,0.41379310344827586
2017,bakerro01,23,96,0.358,0.265,0.7070000000000001,3.1,1.4,1.8,0.6875,0.15625,0.8229166666666666
2017,baldwwa01,20,56,0.355,0.25,0.7759999999999999,3.1,1.2,1.4,0.375,0.17857142857142858,1.0178571428571428
2017,beaslma01,20,165,0.461,0.38799999999999996,0.789,7.2,1.7,0.8,0.4666666666666667,0.10303030303030303,0.5272727272727272
2017,bembrde01,22,146,0.445,0.281,0.605,6.3,3.3,1.9,0.9178082191780822,0.3972602739726027,1.404109589041096
2017,bendedr01,19,171,0.39399999999999996,0.321,0.647,5.3,3.8,1.2,0.29239766081871343,0.5672514619883041,1.0584795321637428
2017,bentibe01,21,3,0.0,0.0,0.4242836158192093,0.0,0.7,0.0,0.0,0.0,0.3333333333333333
2017,bertada01,24,220,0.444,0.40399999999999997,0.846,6.2,2.3,1.0,0.36818181818181817,0.40454545454545454,0.5045454545454545
2017,bolomjo01,23,18,0.545,0.2,0.5,1.7,1.5,0.1,0.16666666666666666,0.1111111111111111,0.2222222222222222
2017,brogdma01,24,187,0.484,0.408,0.895,12.8,3.5,3.6,0.9144385026737968,0.20320855614973263,1.4438502673796791
2017,brownja02,20,222,0.462,0.365,0.6579999999999999,11.2,4.0,1.3,0.7837837837837838,0.34234234234234234,1.3108108108108107
2017,brussni01,23,58,0.364,0.299,0.773,2.6,1.7,0.8,0.29310344827586204,0.13793103448275862,0.4482758620689655
2017,chrisma01,19,197,0.429,0.29600000000000004,0.628,7.6,4.5,0.8,0.6852791878172588,0.766497461928934,1.2741116751269035
2017,chrisse01,24,64,0.345,0.19,0.5479999999999999,2.9,1.4,2.0,0.4375,0.109375,0.671875
2017,cookqu01,23,121,0.474,0.418,0.7859999999999999,7.4,2.0,1.9,0.2975206611570248,0.03305785123966942,0.7851239669421488
2017,davisde01,20,107,0.599,0.0,0.635,4.2,3.2,0.4,0.19626168224299065,0.5700934579439252,0.40186915887850466
2017,delanma01,27,127,0.377,0.308,0.805,5.7,1.8,2.8,0.5826771653543307,0.05511811023622047,1.2677165354330708
2017,diallch01,20,133,0.585,0.25,0.747,5.5,4.6,0.4,0.3308270676691729,0.45864661654135336,0.631578947368421
2017,dunnkr01,22,176,0.41700000000000004,0.32299999999999995,0.723,8.6,3.3,4.4,1.4204545454545454,0.4772727272727273,1.9488636363636365
2017,ellenhe01,20,76,0.377,0.353,0.774,4.3,2.5,0.6,0.17105263157894737,0.039473684210526314,0.5394736842105263
2017,embiijo01,22,158,0.48100000000000004,0.315,0.7879999999999999,24.3,11.4,3.2,0.7151898734177216,1.9556962025316456,3.651898734177215
2017,feldeka01,21,58,0.364,0.268,0.754,3.8,1.0,1.3,0.3620689655172414,0.13793103448275862,0.7931034482758621
2017,ferreyo01,23,199,0.423,0.374,0.8340000000000001,8.6,2.4,2.6,0.7135678391959799,0.11055276381909548,0.9447236180904522
2017,finnedo01,23,183,0.405,0.303,0.726,5.9,3.7,1.0,0.7158469945355191,0.3551912568306011,0.7650273224043715
2017,forbebr01,23,198,0.43700000000000006,0.406,0.782,8.2,1.9,1.4,0.37373737373737376,0.030303030303030304,0.6464646464646465
2017,garinpa01,23,5,0.0,0.0,0.4242836158192093,0.0,1.4,0.0,0.0,0.0,0.6
2017,gbinimi01,24,9,0.1,0.0,1.0,0.4,0.3,0.2,0.0,0.0,0.0
2017,georgma01,22,47,0.418,0.294,0.71,1.6,0.5,0.2,0.14893617021276595,0.0,0.10638297872340426
2017,gibsojo01,29,21,0.415,0.368,0.7240000000000001,6.7,1.2,1.4,0.38095238095238093,0.0,1.1428571428571428
2017,grahatr01,23,125,0.396,0.363,0.7190000000000001,4.1,2.0,0.8,0.416,0.08,0.376
2017,hammoaj01,24,22,0.405,0.5,0.45,2.2,1.6,0.2,0.045454545454545456,0.5909090909090909,0.45454545454545453
2017,harrian01,22,145,0.373,0.294,0.779,7.0,2.0,2.8,0.6551724137931034,0.33793103448275863,1.2275862068965517
2017,hernaju01,21,157,0.43700000000000006,0.366,0.764,5.1,3.2,0.6,0.4012738853503185,0.2484076433121019,0.49044585987261147
2017,hernawi01,22,178,0.53,0.364,0.696,7.0,5.6,1.1,0.42134831460674155,0.4044943820224719,1.0842696629213484
2017,hieldbu01,24,244,0.446,0.419,0.8740000000000001,14.9,4.0,2.0,0.7418032786885246,0.26229508196721313,1.5204918032786885
2017,houseda01,23,63,0.457,0.377,0.794,8.2,3.4,1.0,0.4444444444444444,0.2698412698412698,0.7301587301587301
2017,ingrabr01,19,190,0.45799999999999996,0.32899999999999996,0.662,13.9,4.7,2.9,0.6473684210526316,0.5789473684210527,2.0736842105263156
2017,jacksde01,22,26,0.486,0.28600000000000003,0.667,1.8,0.7,0.7,0.2692307692307692,0.038461538461538464,0.4230769230769231
2017,jackspi01,25,8,0.33299999999999996,0.273,0.857,4.4,1.1,2.4,0.25,0.0,0.375
2017,johnsbr02,22,21,0.449,0.0,0.6,2.2,1.6,0.1,0.5238095238095238,0.3333333333333333,0.2857142857142857
2017,jonesda03,21,49,0.643,0.4242836158192093,0.5770000000000001,3.6,2.3,0.6,0.2857142857142857,0.6530612244897959,0.5306122448979592
2017,jonesde02,19,112,0.5,0.28300000000000003,0.636,5.8,3.2,0.5,0.5714285714285714,0.6071428571428571,0.5625
2017,kuzmimi01,27,69,0.426,0.321,0.809,6.2,1.8,1.0,0.42028985507246375,0.15942028985507245,0.7391304347826086
2017,labissk01,20,115,0.48,0.375,0.746,7.6,4.3,1.0,0.4,0.591304347826087,1.0521739130434782
2017,laproni01,27,18,0.426,0.37,1.0,3.3,0.6,1.6,0.2222222222222222,0.05555555555555555,1.0555555555555556
2017,laymaja01,22,141,0.457,0.302,0.7140000000000001,4.6,1.8,0.5,0.3262411347517731,0.2624113475177305,0.4397163120567376
2017,leverca01,22,168,0.43700000000000006,0.32899999999999996,0.7070000000000001,11.1,3.6,3.4,1.0297619047619047,0.2619047619047619,1.6726190476190477
2017,longsh01,24,18,0.56,0.368,0.5429999999999999,8.2,4.7,0.7,0.5,0.5,0.7222222222222222
2017,luwawti01,21,171,0.387,0.32,0.82,5.7,1.9,0.9,0.3684210526315789,0.13450292397660818,0.7719298245614035
2017,mcclesh01,24,30,0.4,0.233,0.852,3.0,1.1,0.5,0.26666666666666666,0.06666666666666667,0.16666666666666666
2017,makerth01,19,195,0.42100000000000004,0.326,0.677,4.6,2.8,0.6,0.35384615384615387,0.6666666666666666,0.48205128205128206
2017,mccawpa01,21,157,0.42,0.299,0.7909999999999999,3.7,1.5,1.2,0.6242038216560509,0.17197452229299362,0.5987261146496815
2017,mcgruro01,25,162,0.414,0.348,0.662,6.7,3.2,1.6,0.5555555555555556,0.2037037037037037,0.7654320987654321
2017,murrade01,20,119,0.441,0.316,0.708,6.6,4.2,2.3,0.8823529411764706,0.31092436974789917,1.4453781512605042
2017,murraja01,19,238,0.434,0.36200000000000004,0.879,14.8,3.5,3.4,0.8277310924369747,0.3319327731092437,1.861344537815126
2017,ndourma01,24,32,0.45299999999999996,0.14300000000000002,0.731,3.1,2.0,0.3,0.46875,0.25,0.375
2017,niangge01,23,91,0.434,0.364,0.821,2.9,1.2,0.5,0.16483516483516483,0.06593406593406594,0.34065934065934067
2017,nwabada01,24,141,0.49,0.326,0.6609999999999999,7.2,3.9,1.2,0.7659574468085106,0.375886524822695,0.8297872340425532
2017,ochefda01,23,19,0.444,0.4242836158192093,0.0,1.3,1.2,0.2,0.10526315789473684,0.0,0.15789473684210525
2017,onuakch01,20,6,0.583,0.4242836158192093,1.0,3.0,2.3,0.7,0.5,0.16666666666666666,1.1666666666666667
2017,papagge01,19,39,0.514,0.0,0.857,4.1,3.2,0.7,0.1794871794871795,0.5897435897435898,0.8205128205128205
2017,paytoga02,24,32,0.413,0.222,0.429,3.1,1.8,1.2,0.40625,0.25,0.5625
2017,plumlma02,24,29,0.515,0.4242836158192093,0.5710000000000001,1.9,2.3,0.4,0.13793103448275862,0.1724137931034483,0.5172413793103449
2017,poeltja01,21,213,0.643,0.5,0.56,5.4,4.5,0.8,0.39906103286384975,0.8826291079812206,0.7605633802816901
2017,poythal01,23,52,0.47200000000000003,0.358,0.667,3.8,2.3,0.5,0.19230769230769232,0.25,0.34615384615384615
2017,quartti01,22,19,0.43799999999999994,0.33299999999999996,0.4,1.8,0.9,0.6,0.10526315789473684,0.15789473684210525,0.6842105263157895
2017,randlch01,23,75,0.41600000000000004,0.38299999999999995,0.8,5.4,1.2,1.7,0.4533333333333333,0.06666666666666667,0.8266666666666667
2017,richama01,21,70,0.358,0.301,0.7829999999999999,2.8,1.0,0.3,0.22857142857142856,0.02857142857142857,0.37142857142857144
2017,sabondo01,20,229,0.513,0.34299999999999997,0.722,10.4,6.8,1.9,0.5545851528384279,0.4104803493449782,1.6593886462882097
2017,saricda01,22,240,0.433,0.358,0.835,12.7,6.2,2.1,0.6375,0.24583333333333332,1.7833333333333334
2017,satorto01,25,210,0.489,0.4,0.792,6.6,2.8,3.7,0.7619047619047619,0.1619047619047619,1.1476190476190475
2017,seldewa01,22,124,0.41600000000000004,0.34299999999999997,0.723,7.3,2.0,1.5,0.4596774193548387,0.1532258064516129,1.1693548387096775
2017,siakapa01,22,216,0.531,0.309,0.743,10.1,5.1,2.0,0.7453703703703703,0.6435185185185185,1.1759259259259258
2017,stonedi01,19,7,0.231,0.4242836158192093,1.0,1.4,0.9,0.0,0.0,0.14285714285714285,0.2857142857142857
2017,taylois01,22,71,0.413,0.244,0.6990000000000001,6.3,1.4,2.9,0.49295774647887325,0.15492957746478872,1.1830985915492958
2017,tobeymi01,22,2,0.25,0.4242836158192093,0.4242836158192093,1.0,1.5,0.5,0.0,0.0,0.5
2017,ulisty01,21,133,0.40299999999999997,0.28,0.8079999999999999,7.5,1.7,4.0,0.8872180451127819,0.09022556390977443,1.5338345864661653
2017,uthofja01,23,9,0.42100000000000004,0.33299999999999996,0.7140000000000001,4.4,2.4,1.0,0.2222222222222222,0.4444444444444444,0.3333333333333333
2017,valende01,23,134,0.39899999999999997,0.374,0.754,8.0,4.1,2.3,0.7089552238805971,0.13432835820895522,1.1044776119402986
2017,vanvlfr01,22,177,0.41200000000000003,0.39399999999999996,0.836,8.3,2.2,3.3,0.7966101694915254,0.23728813559322035,0.9661016949152542
2017,princta02,22,196,0.42700000000000005,0.38,0.823,11.4,3.8,2.0,0.923469387755102,0.4489795918367347,1.7959183673469388
2017,whiteok01,24,44,0.381,0.34,0.88,2.7,2.2,0.5,0.25,0.25,0.4318181818181818
2017,whiteis01,21,89,0.41100000000000003,0.305,0.7879999999999999,7.2,2.4,2.4,0.5617977528089888,0.42696629213483145,1.8651685393258426
2017,willitr02,22,72,0.449,0.299,0.649,6.0,2.7,0.7,0.7916666666666666,0.3055555555555556,0.8333333333333334
2017,wiltjky01,24,14,0.28600000000000003,0.308,0.5,0.9,0.7,0.1,0.21428571428571427,0.07142857142857142,0.35714285714285715
2017,zimmest01,20,19,0.32299999999999995,0.4242836158192093,0.6,1.2,1.8,0.2,0.10526315789473684,0.2631578947368421,0.15789473684210525
2017,zipsepa01,22,98,0.371,0.335,0.769,4.7,2.6,0.8,0.35714285714285715,0.3163265306122449,0.8469387755102041
2017,zubaciv01,19,140,0.54,0.0,0.7609999999999999,6.9,4.6,0.8,0.2571428571428571,0.7071428571428572,0.9
2016,alexacl01,20,8,0.5,0.4242836158192093,0.4242836158192093,1.3,0.8,0.0,0.125,0.25,0.125
2016,anderju01,22,216,0.419,0.302,0.778,5.3,2.6,0.7,0.44907407407407407,0.3148148148148148,0.5972222222222222
2016,antetth01,23,2,0.75,0.0,0.4242836158192093,3.0,0.5,0.0,0.0,0.0,0.0
2016,applike01,23,5,0.25,0.0,1.0,1.2,0.2,0.2,0.2,0.0,0.6
2016,bjeline01,27,269,0.46,0.381,0.755,7.1,4.4,1.5,0.6319702602230484,0.4200743494423792,0.8921933085501859
2016,bookede01,19,272,0.43700000000000006,0.354,0.8540000000000001,21.4,3.5,4.2,0.8051470588235294,0.25,3.1580882352941178
2016,brownan02,23,41,0.32799999999999996,0.28600000000000003,0.85,3.9,2.5,0.7,0.4634146341463415,0.14634146341463414,0.5121951219512195
2016,caulewi01,22,295,0.534,0.222,0.611,10.1,6.4,1.6,0.9288135593220339,0.7728813559322034,1.0440677966101695
2016,chrisra01,24,30,0.467,0.4242836158192093,0.7240000000000001,2.1,1.9,0.1,0.1,0.2,0.26666666666666666
2016,clarkco01,23,3,0.5,1.0,0.4242836158192093,2.0,0.3,0.0,0.0,0.0,0.3333333333333333
2016,connapa01,23,216,0.439,0.349,0.7959999999999999,4.6,2.3,1.2,0.2962962962962963,0.22685185185185186,0.47685185185185186
2016,dawsobr01,22,6,0.4,0.4242836158192093,1.0,0.8,0.7,0.0,0.0,0.16666666666666666,0.0
2016,dejeabr01,23,14,0.406,0.375,0.524,5.6,3.4,1.1,0.7142857142857143,0.14285714285714285,0.7857142857142857
2016,dekkesa01,21,200,0.478,0.28800000000000003,0.606,5.5,3.0,0.8,0.505,0.185,0.49
2016,dukandu01,24,1,0.2,0.4,0.4242836158192093,6.0,4.0,1.0,1.0,0.0,0.0
2016,eddieja01,24,34,0.302,0.292,0.941,2.6,0.9,0.1,0.20588235294117646,0.029411764705882353,0.058823529411764705
2016,feliccr01,23,212,0.568,0.0,0.67,4.6,4.1,0.7,0.27358490566037735,0.22641509433962265,0.6273584905660378
2016,grantje02,23,273,0.41200000000000003,0.324,0.7709999999999999,6.1,1.9,2.9,0.7472527472527473,0.11721611721611722,0.9926739926739927
2016,harremo01,22,255,0.629,0.156,0.629,11.2,4.4,1.2,0.5411764705882353,0.8431372549019608,1.0235294117647058
2016,harriaa01,21,35,0.261,0.218,0.613,2.3,1.2,0.5,0.42857142857142855,0.05714285714285714,0.2
2016,hezonma01,20,277,0.41700000000000004,0.321,0.8109999999999999,7.3,3.0,1.3,0.7472924187725631,0.2563176895306859,1.187725631768953
2016,hillida01,22,91,0.377,0.304,0.747,3.2,0.9,0.8,0.24175824175824176,0.03296703296703297,0.5604395604395604
2016,holliro01,21,234,0.444,0.223,0.7390000000000001,9.9,5.9,2.0,0.9829059829059829,0.5769230769230769,1.4145299145299146
2016,holmeri01,22,226,0.565,0.257,0.706,7.7,4.4,0.9,0.5442477876106194,0.8982300884955752,0.7256637168141593
2016,huertma01,32,76,0.409,0.25,0.7829999999999999,3.9,1.5,3.1,0.47368421052631576,0.11842105263157894,1.3026315789473684
2016,huestjo01,24,76,0.34600000000000003,0.312,0.24,2.5,2.4,0.3,0.21052631578947367,0.631578947368421,0.3815789473684211
2016,hunterj01,22,45,0.371,0.295,0.818,3.0,1.0,0.4,0.4,0.08888888888888889,0.28888888888888886
2016,inglida01,20,20,0.35100000000000003,0.231,0.875,1.8,1.6,0.5,0.3,0.15,0.55
2016,johnsst04,19,285,0.374,0.293,0.764,7.0,3.4,1.5,0.9333333333333333,0.22456140350877193,1.2035087719298245
2016,jokicni01,20,308,0.523,0.345,0.828,16.3,9.6,5.1,1.0974025974025974,0.7175324675324676,2.3798701298701297
2016,jonesty01,19,247,0.419,0.33299999999999996,0.8190000000000001,5.1,1.5,3.3,1.0323886639676114,0.07692307692307693,0.7165991902834008
2016,kaminfr01,22,282,0.419,0.349,0.76,9.8,4.0,1.6,0.46808510638297873,0.3829787234042553,0.8546099290780141
2016,kaunsa01,30,25,0.529,0.4242836158192093,0.455,0.9,1.0,0.1,0.16,0.2,0.28
2016,looneke01,19,204,0.595,0.192,0.593,4.5,3.8,1.0,0.46568627450980393,0.6176470588235294,0.49019607843137253
2016,lylestr01,20,288,0.431,0.331,0.705,7.6,3.9,1.1,0.3888888888888889,0.3298611111111111,0.8958333333333334
2016,marjabo01,27,186,0.583,0.4,0.773,6.2,3.9,0.6,0.23655913978494625,0.3924731182795699,0.7204301075268817
2016,martija01,21,184,0.434,0.34600000000000003,0.7659999999999999,5.4,3.5,0.6,0.3641304347826087,0.3967391304347826,0.782608695652174
2016,mccontj01,23,314,0.48700000000000004,0.335,0.768,6.4,2.9,4.7,1.2738853503184713,0.1592356687898089,1.5987261146496816
2016,mcculch01,20,59,0.426,0.306,0.5479999999999999,3.3,1.9,0.3,0.5084745762711864,0.3220338983050847,0.3389830508474576
2016,mcraejo01,24,86,0.42700000000000005,0.35200000000000004,0.784,4.9,1.2,0.9,0.27906976744186046,0.16279069767441862,0.5116279069767442
2016,mejrisa01,29,204,0.603,0.293,0.59,3.4,4.0,0.5,0.35294117647058826,0.9313725490196079,0.6029411764705882
2016,mickejo01,21,64,0.449,0.11800000000000001,0.605,2.4,2.0,0.3,0.140625,0.421875,0.4375
2016,montelu01,22,14,0.25,0.111,0.75,1.0,0.4,0.1,0.0,0.0,0.42857142857142855
2016,mudiaem01,19,246,0.39299999999999996,0.32,0.742,11.8,3.1,4.2,0.7723577235772358,0.3170731707317073,2.410569105691057
2016,munfoxa02,23,20,0.39799999999999996,0.36,0.5,4.2,1.6,1.3,0.7,0.15,0.85
2016,nancela02,23,259,0.539,0.295,0.698,7.7,6.5,1.7,1.250965250965251,0.5405405405405406,0.9459459459459459
2016,netora01,23,199,0.44299999999999995,0.377,0.7759999999999999,4.8,1.3,1.9,0.5527638190954773,0.07537688442211055,0.9798994974874372
2016,obriejj01,23,2,0.0,0.4242836158192093,0.4242836158192093,0.0,0.5,0.0,0.5,0.0,0.0
2016,okafoja01,20,190,0.53,0.2,0.679,11.5,5.1,0.9,0.3157894736842105,0.8842105263157894,1.5157894736842106
2016,oubreke01,20,292,0.424,0.321,0.778,9.4,3.7,0.8,0.8356164383561644,0.4041095890410959,0.9486301369863014
2016,pattela01,24,40,0.326,0.23600000000000002,0.72,2.3,1.4,1.1,0.25,0.05,0.675
2016,payneca01,21,153,0.397,0.331,0.775,6.0,1.8,2.5,0.6797385620915033,0.1830065359477124,1.0065359477124183
2016,pleisti01,26,12,0.44,0.0,1.0,2.0,1.3,0.2,0.08333333333333333,0.16666666666666666,0.6666666666666666
2016,portibo01,20,249,0.45799999999999996,0.361,0.7509999999999999,10.2,6.2,1.1,0.5060240963855421,0.30522088353413657,1.0763052208835342
2016,porzikr01,20,186,0.43700000000000006,0.361,0.804,17.8,7.1,1.3,0.7311827956989247,2.032258064516129,1.7849462365591398
2016,powelno01,22,255,0.442,0.345,0.807,7.1,2.1,1.2,0.615686274509804,0.20784313725490197,0.9137254901960784
2016,reedwi02,25,152,0.5920000000000001,0.33299999999999996,0.561,4.9,3.8,0.3,0.21710526315789475,0.6513157894736842,0.4342105263157895
2016,richajo01,22,259,0.425,0.368,0.821,12.1,3.2,2.9,1.1428571428571428,0.667953667953668,1.3629343629343629
2016,roziete01,21,272,0.38,0.354,0.777,7.7,3.6,2.3,0.7352941176470589,0.19117647058823528,0.7867647058823529
2016,russeda01,19,272,0.419,0.353,0.762,16.5,3.7,5.1,1.161764705882353,0.2426470588235294,2.838235294117647
2016,simmojo02,26,258,0.44299999999999995,0.317,0.7559999999999999,8.3,2.4,1.9,0.6124031007751938,0.2364341085271318,1.3294573643410852
2016,stephal01,28,8,0.33299999999999996,0.4242836158192093,0.33299999999999996,2.8,3.5,0.3,0.125,0.625,0.0
2016,tavarwa01,23,13,0.625,0.4242836158192093,0.273,2.5,2.5,0.3,0.07692307692307693,0.9230769230769231,0.5384615384615384
2016,toupaax01,23,25,0.38,0.318,0.765,3.5,1.3,0.6,0.32,0.28,0.24
2016,townska01,20,323,0.537,0.392,0.836,22.3,11.9,2.6,0.7585139318885449,1.4891640866873066,2.458204334365325
2016,turnemy01,19,280,0.495,0.363,0.7709999999999999,12.9,6.7,1.2,0.7035714285714286,2.0535714285714284,1.3142857142857143
2016,vaughra01,19,139,0.337,0.313,0.6920000000000001,3.0,1.1,0.5,0.381294964028777,0.20863309352517986,0.34532374100719426
2016,weberbr01,23,45,0.408,0.192,0.733,3.2,1.9,1.4,0.8666666666666667,0.2,0.7111111111111111
2016,willial03,23,67,0.506,0.0,0.626,6.2,5.5,0.6,0.5522388059701493,0.5671641791044776,0.7611940298507462
2016,winslju01,19,230,0.419,0.34299999999999997,0.644,8.9,5.3,2.7,0.9565217391304348,0.3652173913043478,1.508695652173913
2016,woodch01,20,51,0.49200000000000005,0.31,0.7070000000000001,5.3,2.9,0.3,0.29411764705882354,0.45098039215686275,0.5098039215686274
2016,wrighde01,23,198,0.445,0.332,0.7959999999999999,7.4,2.8,2.7,0.9848484848484849,0.3888888888888889,0.98989898989899
2016,youngjo01,23,127,0.39299999999999996,0.29600000000000004,0.768,3.4,1.0,0.9,0.25984251968503935,0.007874015748031496,0.5039370078740157
2015,adamsjo01,20,32,0.402,0.385,0.607,3.2,0.9,0.6,0.59375,0.21875,0.5
2015,aldemfu01,23,41,0.513,0.0,0.48100000000000004,2.3,4.3,0.7,0.4146341463414634,0.3902439024390244,0.4146341463414634
2015,anderky01,21,300,0.49200000000000005,0.324,0.706,5.3,3.9,1.9,0.9833333333333333,0.53,0.8666666666666667
2015,bairsca01,24,36,0.29600000000000004,0.2,0.846,1.2,1.0,0.2,0.1111111111111111,0.1111111111111111,0.19444444444444445
2015,benimje01,23,2,0.42428361581920937,0.4242836158192093,0.4242836158192093,0.0,1.5,0.0,0.0,0.0,0.5
2015,bhullsi01,22,3,0.5,0.4242836158192093,0.4242836158192093,0.7,0.3,0.3,0.0,0.3333333333333333,0.0
2015,blackta01,23,220,0.55,0.14300000000000002,0.5820000000000001,4.9,4.7,0.5,0.37727272727272726,0.5272727272727272,0.740909090909091
2015,bogdabo02,25,399,0.46299999999999997,0.389,0.846,13.3,3.4,1.4,0.5538847117794486,0.07518796992481203,1.413533834586466
2015,brownja01,22,19,0.41200000000000003,0.371,0.753,11.9,1.9,2.1,0.631578947368421,0.10526315789473684,1.6842105263157894
2015,brownma02,23,113,0.38,0.295,0.7809999999999999,5.2,2.1,1.2,0.6106194690265486,0.23893805309734514,0.7345132743362832
2015,cabocbr01,19,69,0.392,0.344,0.8390000000000001,4.9,2.8,0.9,0.30434782608695654,0.5797101449275363,0.7536231884057971
2015,capelca01,20,295,0.635,0.0,0.525,12.0,9.2,0.9,0.6644067796610169,1.4203389830508475,1.1830508474576271
2015,cherrwi01,23,8,0.263,0.222,0.5,1.9,0.6,1.0,0.75,0.125,0.5
2015,chrispa01,26,4,0.25,0.0,0.4242836158192093,1.5,1.5,0.0,0.25,0.0,0.25
2015,clarkjo01,22,382,0.445,0.335,0.815,14.7,3.2,2.7,0.8952879581151832,0.12041884816753927,1.719895287958115
2015,cooleja01,23,23,0.449,0.4242836158192093,0.575,2.9,2.4,0.3,0.30434782608695654,0.13043478260869565,0.2608695652173913
2015,cottobr01,22,23,0.418,0.304,0.833,3.8,0.8,0.8,0.30434782608695654,0.0,0.7391304347826086
2015,dawkian01,23,4,0.16699999999999998,0.16699999999999998,0.4242836158192093,0.8,0.5,0.3,0.0,0.0,0.25
2015,dinwisp01,21,253,0.408,0.32299999999999995,0.8009999999999999,11.0,2.6,4.5,0.6877470355731226,0.2727272727272727,1.5256916996047432
2015,dragizo01,25,16,0.36700000000000005,0.214,0.6,1.8,0.5,0.3,0.125,0.0,0.3125
2015,drewla02,24,22,0.32899999999999996,0.2,0.667,2.9,0.8,2.5,0.2727272727272727,0.0,1.2727272727272727
2015,earlycl01,23,56,0.34600000000000003,0.263,0.75,4.3,2.2,0.8,0.4642857142857143,0.26785714285714285,0.875
2015,ennisja01,24,278,0.457,0.35700000000000004,0.7929999999999999,6.5,3.2,0.9,0.6294964028776978,0.2949640287769784,0.7446043165467626
2015,ennisty01,20,186,0.419,0.317,0.768,4.2,1.3,1.9,0.5268817204301075,0.0967741935483871,0.9193548387096774
2015,exumda01,19,204,0.4,0.304,0.77,5.9,1.8,2.3,0.4117647058823529,0.16666666666666666,1.3235294117647058
2015,fraziti01,24,245,0.41200000000000003,0.32899999999999996,0.731,5.2,2.4,4.1,0.710204081632653,0.08163265306122448,1.3224489795918368
2015,gallola01,23,339,0.387,0.359,0.799,8.2,2.6,1.7,0.7286135693215339,0.15634218289085547,0.6194690265486725
2015,gordoaa01,19,341,0.45,0.321,0.7070000000000001,12.5,6.2,2.2,0.7653958944281525,0.6392961876832844,1.3548387096774193
2015,gordodr01,24,9,0.42100000000000004,0.0,0.5,1.9,2.0,0.2,0.1111111111111111,0.0,0.8888888888888888
2015,grantje01,20,383,0.461,0.33399999999999996,0.654,8.8,3.9,1.0,0.5718015665796344,1.1775456919060052,0.9399477806788512
2015,greener01,23,52,0.377,0.28800000000000003,0.857,3.1,0.7,0.8,0.25,0.0,0.2692307692307692
2015,greenja01,24,299,0.479,0.369,0.77,8.4,6.1,0.9,0.5852842809364549,0.43812709030100333,1.1839464882943145
2015,hairspj02,22,111,0.34299999999999997,0.295,0.81,6.0,2.4,0.5,0.4774774774774775,0.21621621621621623,0.5675675675675675
2015,harriga01,20,312,0.46,0.365,0.802,12.4,2.6,2.1,1.2307692307692308,0.21474358974358973,1.2788461538461537
2015,harrijo01,23,262,0.475,0.42700000000000005,0.797,9.4,2.8,1.5,0.4198473282442748,0.17938931297709923,1.1259541984732824
2015,hoodro01,22,320,0.42200000000000004,0.36700000000000005,0.841,12.6,2.8,1.9,0.765625,0.196875,1.125
2015,inglejo01,27,406,0.447,0.408,0.741,8.0,3.1,3.4,1.0123152709359606,0.15270935960591134,1.5320197044334976
2015,jeffeco01,24,58,0.444,0.125,0.583,3.5,2.8,0.3,0.1724137931034483,0.3793103448275862,0.3448275862068966
2015,jerregr01,21,8,0.26899999999999996,0.067,1.0,2.0,1.1,0.4,0.25,0.25,0.375
2015,johnsni01,22,28,0.34700000000000003,0.23800000000000002,0.68,2.6,1.4,0.4,0.25,0.10714285714285714,0.6785714285714286
2015,johnsty01,22,270,0.433,0.364,0.7709999999999999,11.0,3.3,2.5,0.9444444444444444,0.4740740740740741,1.2037037037037037
2015,kilpase01,25,157,0.413,0.335,0.862,10.3,2.7,1.5,0.46496815286624205,0.08280254777070063,1.3121019108280254
2015,kirkal01,23,5,0.25,0.4242836158192093,1.0,0.8,0.2,0.2,0.0,0.0,0.0
2015,lauvejo01,23,208,0.479,0.285,0.7190000000000001,5.6,3.8,0.9,0.2644230769230769,0.16346153846153846,0.7932692307692307
2015,lavinza01,19,293,0.446,0.373,0.8240000000000001,16.1,3.4,3.5,0.8464163822525598,0.22866894197952217,2.358361774744027
2015,lucaska01,25,2,0.0,0.0,1.0,1.0,1.5,0.5,0.5,0.0,0.0
2015,marblde01,22,44,0.304,0.222,0.375,2.2,1.6,0.7,0.5,0.06818181818181818,0.36363636363636365
2015,mcadoja01,22,111,0.528,0.294,0.534,3.0,1.7,0.3,0.2972972972972973,0.42342342342342343,0.3783783783783784
2015,mcdankj01,21,148,0.41200000000000003,0.29,0.7759999999999999,5.3,2.2,0.6,0.47297297297297297,0.6351351351351351,1.0202702702702702
2015,mcderdo01,23,341,0.45899999999999996,0.40399999999999997,0.825,7.8,2.1,0.8,0.19941348973607037,0.10557184750733138,0.6041055718475073
2015,mcgarmi01,22,52,0.527,0.0,0.58,4.4,3.5,0.3,0.3269230769230769,0.34615384615384615,0.7307692307692307
2015,mcneaje01,27,6,0.273,0.5,1.0,1.5,0.5,0.3,0.5,0.16666666666666666,0.8333333333333334
2015,millsel01,27,69,0.327,0.27899999999999997,0.679,4.2,2.8,1.1,0.9130434782608695,0.2753623188405797,1.1304347826086956
2015,mirotni01,23,319,0.423,0.359,0.8079999999999999,12.3,5.9,1.3,0.7523510971786834,0.7147335423197492,1.1943573667711598
2015,moreler01,23,83,0.537,1.0,0.39399999999999996,1.9,3.7,1.0,0.3855421686746988,0.6746987951807228,0.6024096385542169
2015,napiesh01,23,289,0.39299999999999996,0.354,0.812,6.4,1.7,2.0,0.7508650519031141,0.12802768166089964,1.1211072664359862
2015,noelne01,20,300,0.523,0.25,0.631,8.2,6.5,1.2,1.3766666666666667,1.3666666666666667,1.43
2015,noguelu01,22,141,0.632,0.265,0.64,3.2,2.8,0.5,0.6312056737588653,1.0212765957446808,0.5319148936170213
2015,nurkiju01,20,310,0.491,0.071,0.6659999999999999,11.6,8.0,1.9,0.8419354838709677,1.2903225806451613,2.0483870967741935
2015,obryajo01,21,147,0.402,0.36,0.6629999999999999,3.5,2.4,0.5,0.21768707482993196,0.1292517006802721,0.5238095238095238
2015,papanko01,24,69,0.354,0.297,0.688,3.6,2.3,1.5,0.6086956521739131,0.2608695652173913,1.1014492753623188
2015,parkeja01,19,247,0.491,0.337,0.7390000000000001,15.1,5.7,2.1,0.8947368421052632,0.38866396761133604,1.8299595141700404
2015,paynead01,23,107,0.406,0.254,0.68,4.0,2.9,0.6,0.4205607476635514,0.2523364485981308,0.8411214953271028
2015,paytoel01,20,342,0.45399999999999996,0.302,0.63,11.1,4.4,6.6,1.304093567251462,0.347953216374269,2.4502923976608186
2015,poweldw01,23,331,0.5529999999999999,0.298,0.75,7.5,4.5,0.9,0.6555891238670695,0.4561933534743202,0.6374622356495468
2015,randlju01,20,311,0.502,0.307,0.722,15.4,8.9,2.7,0.6334405144694534,0.5016077170418006,2.392282958199357
2015,robingl02,21,219,0.439,0.361,0.726,4.4,2.1,0.6,0.4155251141552511,0.1780821917808219,0.4063926940639269
2015,rudezda01,28,146,0.424,0.373,0.774,3.3,0.6,0.6,0.21232876712328766,0.04794520547945205,0.4726027397260274
2015,sampsja02,21,173,0.45,0.257,0.672,5.5,2.7,0.8,0.42196531791907516,0.48554913294797686,0.9132947976878613
2015,smartma01,20,341,0.37200000000000005,0.31,0.764,9.3,3.5,3.9,1.5513196480938416,0.3548387096774194,1.7038123167155426
2015,smithru01,23,27,0.319,0.188,0.769,2.0,0.6,0.7,0.2962962962962963,0.037037037037037035,0.7037037037037037
2015,stausni01,21,335,0.389,0.353,0.8140000000000001,6.8,2.1,1.5,0.41492537313432837,0.23880597014925373,1.0119402985074626
2015,stockda01,23,6,0.444,0.6,0.7,3.0,0.3,1.5,0.3333333333333333,0.0,0.8333333333333334
2015,stokeja01,21,28,0.581,0.4242836158192093,0.531,2.4,1.4,0.3,0.25,0.17857142857142858,0.25
2015,vonleno01,19,299,0.45299999999999996,0.316,0.6829999999999999,5.1,5.4,0.8,0.4214046822742475,0.43478260869565216,0.8160535117056856
2015,warretj01,21,261,0.49700000000000005,0.34,0.7659999999999999,14.4,4.1,1.1,0.946360153256705,0.5134099616858238,0.9693486590038314
2015,wearda01,24,2,0.0,0.0,0.4242836158192093,0.0,1.0,0.5,0.0,0.0,0.0
2015,weartr01,24,68,0.38799999999999996,0.364,0.8240000000000001,4.0,2.1,0.7,0.27941176470588236,0.23529411764705882,0.6029411764705882
2015,whittsh01,23,27,0.45299999999999996,0.125,0.76,2.5,1.5,0.3,0.2222222222222222,0.1111111111111111,0.37037037037037035
2015,wiggian01,19,400,0.44,0.332,0.735,19.4,4.3,2.2,1.0175,0.5625,2.055
2015,wilcocj01,24,66,0.37,0.33299999999999996,0.813,2.0,0.5,0.5,0.22727272727272727,0.06060606060606061,0.2727272727272727
2015,youngja01,19,95,0.36700000000000005,0.27699999999999997,0.563,2.3,1.0,0.3,0.25263157894736843,0.05263157894736842,0.15789473684210525
2014,adamsst01,20,467,0.588,0.0,0.5529999999999999,9.7,7.4,1.0,0.8950749464668094,0.9935760171306209,1.4197002141327624
2014,antetgi01,19,465,0.521,0.27699999999999997,0.742,18.8,8.3,4.1,1.2021505376344086,1.346236559139785,2.6408602150537632
2014,anticpe01,31,113,0.392,0.314,0.73,6.3,3.5,0.9,0.3274336283185841,0.23008849557522124,0.9203539823008849
2014,babbch01,23,14,0.267,0.222,0.4242836158192093,1.6,1.2,0.2,0.42857142857142855,0.0,0.21428571428571427
2014,bennean01,20,151,0.392,0.261,0.67,4.4,3.1,0.5,0.3841059602649007,0.17880794701986755,0.6556291390728477
2014,blueva01,21,10,0.308,0.154,0.33299999999999996,3.0,1.3,1.2,0.4,0.0,1.1
2014,brownlo01,23,103,0.364,0.17,0.7070000000000001,2.8,1.5,1.8,0.5922330097087378,0.14563106796116504,0.7184466019417476
2014,bullore01,22,272,0.434,0.392,0.828,6.8,2.1,1.1,0.49264705882352944,0.12867647058823528,0.5551470588235294
2014,burketr01,21,361,0.408,0.34,0.8,10.9,2.1,3.6,0.5817174515235457,0.11911357340720222,1.3157894736842106
2014,buyckdw01,24,49,0.402,0.37,0.883,6.3,1.6,1.7,0.6122448979591837,0.04081632653061224,1.2448979591836735
2014,calatni01,24,129,0.441,0.28800000000000003,0.581,4.6,1.9,2.7,1.0,0.10077519379844961,1.255813953488372
2014,caldwke01,20,470,0.41200000000000003,0.345,0.799,11.9,3.3,1.6,1.1617021276595745,0.18723404255319148,1.0106382978723405
2014,canaais01,22,235,0.371,0.35100000000000003,0.836,8.1,1.9,1.9,0.6170212765957447,0.09787234042553192,1.102127659574468
2014,cartemi01,22,315,0.401,0.251,0.7020000000000001,10.9,4.5,4.6,1.3428571428571427,0.5555555555555556,2.511111111111111
2014,chrisdi01,27,31,0.355,0.29,0.75,2.3,1.2,0.3,0.06451612903225806,0.0967741935483871,0.1935483870967742
2014,clarkia01,22,330,0.439,0.34,0.804,5.6,1.3,1.2,0.3878787878787879,0.13333333333333333,0.7151515151515152
2014,covinro01,23,326,0.402,0.36,0.813,12.7,5.5,1.6,1.6625766871165644,0.7944785276073619,1.7668711656441718
2014,crabbal01,21,344,0.429,0.39299999999999996,0.835,9.5,2.9,1.2,0.6046511627906976,0.29069767441860467,0.7790697674418605
2014,curryse01,23,192,0.467,0.439,0.845,9.3,1.9,1.7,0.7239583333333334,0.11458333333333333,0.984375
2014,danietr01,22,292,0.402,0.4,0.816,7.0,1.3,0.6,0.3047945205479452,0.06164383561643835,0.5993150684931506
2014,datomlu01,26,55,0.414,0.316,0.818,3.4,1.4,0.4,0.14545454545454545,0.14545454545454545,0.36363636363636365
2014,daviebr01,22,78,0.41100000000000003,0.22699999999999998,0.644,3.7,2.5,0.7,0.5384615384615384,0.19230769230769232,0.8205128205128205
2014,dedmode01,24,350,0.5329999999999999,0.37,0.7240000000000001,6.5,6.0,0.7,0.5457142857142857,0.86,0.9485714285714286
2014,dellama01,23,377,0.392,0.381,0.835,6.0,1.9,3.7,0.4827586206896552,0.04774535809018567,1.2917771883289124
2014,dienggo01,24,452,0.505,0.332,0.79,8.0,6.2,1.4,0.831858407079646,0.9889380530973452,1.2013274336283186
2014,edwarsh01,26,2,0.33299999999999996,0.4242836158192093,0.4242836158192093,1.0,1.0,0.0,0.0,0.0,0.5
2014,favervi01,25,37,0.435,0.3,0.649,4.4,3.5,0.4,0.3783783783783784,0.7297297297297297,1.1081081081081081
2014,felixca01,23,7,0.5,0.4,0.75,2.7,0.9,0.6,0.0,0.0,0.5714285714285714
2014,frankja01,22,24,0.415,0.462,1.0,1.8,1.0,0.4,0.16666666666666666,0.125,0.5833333333333334
2014,goberru01,21,406,0.629,0.0,0.631,11.1,10.5,1.3,0.6798029556650246,2.2044334975369457,1.5788177339901477
2014,goodwar01,19,165,0.429,0.23600000000000002,0.7,6.3,2.0,1.2,0.41818181818181815,0.23030303030303031,1.2484848484848485
2014,gutiejo01,25,47,0.5,0.17600000000000002,0.778,2.9,1.1,1.5,0.40425531914893614,0.02127659574468085,0.6808510638297872
2014,hamilju01,23,113,0.46399999999999997,0.309,0.7979999999999999,6.1,3.6,0.8,0.5398230088495575,0.6460176991150443,0.6460176991150443
2014,hardati02,21,403,0.418,0.34299999999999997,0.816,13.1,2.6,1.8,0.6352357320099256,0.1513647642679901,1.1290322580645162
2014,harriel01,24,2,0.0,0.4242836158192093,0.4242836158192093,0.0,0.5,0.5,0.5,0.0,0.0
2014,hillso01,22,305,0.395,0.32899999999999996,0.809,5.9,3.3,1.5,0.6885245901639344,0.24262295081967214,0.9278688524590164
2014,hopsosc01,24,3,0.0,0.0,0.5,0.7,0.0,0.7,0.3333333333333333,0.0,0.3333333333333333
2014,hummero01,24,98,0.418,0.34299999999999997,0.867,3.9,2.7,0.5,0.32653061224489793,0.11224489795918367,0.2857142857142857
2014,karasse01,20,95,0.395,0.282,0.8420000000000001,3.0,1.5,0.9,0.3368421052631579,0.042105263157894736,0.6
2014,kellyry01,22,163,0.37799999999999995,0.316,0.797,6.0,3.1,1.3,0.48466257668711654,0.5153374233128835,0.6503067484662577
2014,kuzmiog01,23,37,0.52,0.4242836158192093,0.6,0.9,1.0,0.2,0.13513513513513514,0.13513513513513514,0.40540540540540543
2014,larkish01,21,256,0.42200000000000004,0.336,0.777,5.5,1.9,2.9,0.94921875,0.09375,1.17578125
2014,ledori01,21,28,0.336,0.371,0.769,3.9,1.4,0.8,0.25,0.03571428571428571,1.0
2014,lenal01,20,412,0.48700000000000004,0.349,0.695,7.9,6.3,0.8,0.4077669902912621,1.0024271844660195,1.266990291262136
2014,mccalra01,22,154,0.408,0.335,0.711,6.0,2.0,2.4,0.512987012987013,0.17532467532467533,0.961038961038961
2014,mccolcj01,22,411,0.455,0.401,0.8390000000000001,17.8,3.1,2.9,0.8710462287104623,0.3357664233576642,1.7226277372262773
2014,mclembe01,20,368,0.41700000000000004,0.353,0.7829999999999999,8.8,2.5,1.1,0.6711956521739131,0.19293478260869565,1.252717391304348
2014,mekelga01,25,35,0.311,0.217,0.667,2.3,0.8,2.2,0.17142857142857143,0.02857142857142857,0.9428571428571428
2014,mitchto03,24,3,0.6,0.0,0.4242836158192093,2.0,0.3,0.3,0.3333333333333333,0.0,0.0
2014,mitchto02,21,21,0.41700000000000004,1.0,0.579,1.0,1.2,0.1,0.2857142857142857,0.14285714285714285,0.19047619047619047
2014,muhamsh01,21,278,0.473,0.319,0.7509999999999999,9.0,2.8,0.5,0.29136690647482016,0.08633093525179857,0.658273381294964
2014,murpher01,23,24,0.231,0.0,0.4242836158192093,0.3,0.3,0.1,0.0,0.16666666666666666,0.08333333333333333
2014,murryto01,24,56,0.433,0.41700000000000004,0.61,2.6,0.8,0.9,0.35714285714285715,0.017857142857142856,0.6785714285714286
2014,muscami01,22,307,0.46799999999999997,0.365,0.841,5.7,3.3,0.9,0.3745928338762215,0.5276872964169381,0.6677524429967426
2014,nedovne01,22,24,0.205,0.16699999999999998,0.875,1.1,0.6,0.5,0.0,0.041666666666666664,0.5416666666666666
2014,nunnaja01,23,28,0.33799999999999997,0.32,0.769,2.9,0.9,0.5,0.25,0.07142857142857142,0.2857142857142857
2014,oladivi01,21,402,0.44299999999999995,0.35200000000000004,0.7929999999999999,17.5,4.6,4.0,1.691542288557214,0.49502487562189057,2.5696517412935322
2014,olynyke01,22,433,0.478,0.36700000000000005,0.765,9.9,4.9,1.9,0.7136258660508084,0.4618937644341801,1.466512702078522
2014,onuakar01,26,19,0.652,0.4242836158192093,0.4,1.8,1.8,0.5,0.05263157894736842,0.21052631578947367,0.2631578947368421
2014,plumlma01,23,471,0.57,0.07400000000000001,0.565,8.5,6.3,2.2,0.7770700636942676,0.9596602972399151,1.4861995753715498
2014,porteot01,20,399,0.483,0.405,0.7929999999999999,11.0,5.0,1.5,1.1804511278195489,0.44360902255639095,0.8020050125313283
2014,pressph01,22,148,0.341,0.254,0.63,3.2,1.5,2.9,0.7837837837837838,0.10135135135135136,1.087837837837838
2014,radulmi01,26,53,0.53,0.4242836158192093,0.825,3.6,2.1,0.4,0.1509433962264151,0.24528301886792453,0.5660377358490566
2014,ricegl02,23,16,0.26899999999999996,0.25,0.6920000000000001,2.7,1.5,0.6,0.375,0.0625,0.6875
2014,roberan03,22,295,0.48200000000000004,0.257,0.467,4.6,4.0,0.9,0.8949152542372881,0.6610169491525424,0.6135593220338983
2014,schrode01,20,431,0.43,0.325,0.825,13.4,2.7,4.6,0.8051044083526682,0.10904872389791183,2.336426914153132
2014,sivape01,23,24,0.316,0.28,0.733,2.3,0.6,1.4,0.375,0.041666666666666664,0.75
2014,smithch05,26,2,0.42428361581920937,0.4242836158192093,0.4242836158192093,0.0,0.0,0.0,0.0,0.0,0.0
2014,snellto01,22,442,0.425,0.382,0.8190000000000001,6.2,2.4,1.0,0.4638009049773756,0.2330316742081448,0.583710407239819
2014,southja01,23,4,0.33299999999999996,0.5,0.5,3.5,2.0,0.0,0.25,0.5,0.25
2014,stephdj01,23,4,0.444,0.4242836158192093,1.0,2.3,1.3,0.0,0.25,0.0,0.25
2014,thomaad01,20,6,0.429,0.2,1.0,2.3,0.5,0.5,0.0,0.0,0.16666666666666666
2014,thompho01,22,265,0.413,0.386,0.7070000000000001,7.7,3.1,1.1,0.6264150943396226,0.25660377358490566,0.8037735849056604
2014,wareca01,24,9,0.429,0.33299999999999996,0.833,5.3,1.0,1.1,0.8888888888888888,0.0,0.5555555555555556
2014,whitero03,22,3,0.0,0.4242836158192093,0.4242836158192093,0.0,0.0,0.0,0.0,0.0,0.0
2014,witheje01,23,206,0.525,0.14300000000000002,0.716,3.2,2.5,0.3,0.27184466019417475,0.7572815533980582,0.36893203883495146
2014,woltena01,22,84,0.423,0.261,0.635,5.5,2.2,2.5,0.5119047619047619,0.20238095238095238,0.8333333333333334
2014,zelleco01,21,361,0.511,0.263,0.74,8.2,5.8,1.4,0.6786703601108033,0.7562326869806094,1.0443213296398892
2013,acyqu01,22,337,0.444,0.35,0.759,4.9,3.5,0.6,0.41543026706231456,0.40059347181008903,0.6498516320474778
2013,akognjo01,26,3,0.5,0.5,0.4242836158192093,1.7,0.3,0.3,0.0,0.0,0.0
2013,barneha02,20,540,0.446,0.374,0.795,13.6,4.9,1.5,0.7092592592592593,0.19444444444444445,1.1685185185185185
2013,bartowi01,22,438,0.431,0.341,0.7879999999999999,10.5,3.9,2.4,0.7077625570776256,0.4018264840182648,1.3447488584474885
2013,baynear01,26,427,0.498,0.281,0.8079999999999999,5.4,4.4,0.7,0.21311475409836064,0.4894613583138173,0.8173302107728337
2013,bazemke01,23,483,0.419,0.35200000000000004,0.7190000000000001,8.7,3.1,1.9,1.0144927536231885,0.4699792960662526,1.4720496894409938
2013,bealbr01,19,488,0.452,0.384,0.7979999999999999,19.8,3.9,3.7,1.1290983606557377,0.39139344262295084,2.1454918032786887
2013,beverpa01,24,380,0.41200000000000003,0.38,0.77,9.0,4.3,3.5,1.1894736842105262,0.4368421052631579,1.3
2013,clavevi01,24,80,0.39799999999999996,0.293,0.585,3.2,2.2,0.7,0.375,0.2,0.725
2013,copelch01,28,171,0.42700000000000005,0.365,0.752,5.8,1.6,0.6,0.1871345029239766,0.17543859649122806,0.7543859649122807
2013,crowdja01,22,543,0.423,0.33899999999999997,0.778,9.5,3.9,1.4,0.9594843462246777,0.31860036832412525,0.848987108655617
2013,cunnija01,21,84,0.34700000000000003,0.306,0.674,2.3,0.7,0.5,0.25,0.023809523809523808,0.38095238095238093
2013,davisan02,19,466,0.517,0.314,0.795,23.7,10.5,2.1,1.371244635193133,2.4055793991416308,1.8648068669527897
2013,decolna01,25,119,0.429,0.363,0.835,3.8,1.8,1.7,0.5294117647058824,0.10084033613445378,0.9747899159663865
2013,drumman01,19,542,0.5429999999999999,0.147,0.44799999999999995,14.1,13.7,1.2,1.3394833948339484,1.5590405904059041,1.7878228782287824
2013,engliki01,24,41,0.375,0.28,0.7240000000000001,2.9,0.9,0.6,0.3902439024390244,0.07317073170731707,0.4634146341463415
2013,ezelife01,23,170,0.513,0.4242836158192093,0.557,4.2,4.3,0.4,0.2823529411764706,0.9764705882352941,0.7823529411764706
2013,fournev01,20,457,0.446,0.371,0.805,13.5,2.8,2.5,0.8161925601750547,0.0962800875273523,1.612691466083151
2013,freeljo01,25,151,0.45899999999999996,0.0,0.728,3.2,3.4,0.4,0.2119205298013245,0.3708609271523179,0.4900662251655629
2013,garredi02,24,90,0.373,0.35100000000000003,0.682,3.2,1.2,1.7,0.5666666666666667,0.05555555555555555,1.011111111111111
2013,greendr01,22,533,0.439,0.32299999999999995,0.706,9.1,6.9,4.9,1.3696060037523452,1.0806754221388368,2.0431519699812384
2013,hansbbe01,25,28,0.33299999999999996,0.261,0.778,2.0,0.6,0.8,0.25,0.07142857142857142,0.6428571428571429
2013,harklma01,19,475,0.47600000000000003,0.32299999999999995,0.614,7.3,3.7,0.9,0.9810526315789474,0.6778947368421052,0.8736842105263158
2013,hensojo01,22,405,0.539,0.273,0.5720000000000001,7.8,5.4,1.1,0.4617283950617284,1.4814814814814814,1.1358024691358024
2013,holidju01,23,357,0.39,0.349,0.8320000000000001,8.1,2.8,1.5,0.9551820728291317,0.37815126050420167,0.9523809523809523
2013,jamesbe01,27,92,0.49700000000000005,0.0,0.68,2.2,2.3,0.1,0.18478260869565216,0.6630434782608695,0.3695652173913043
2013,jenkijo01,21,171,0.441,0.36700000000000005,0.847,5.0,1.5,0.8,0.18128654970760233,0.08187134502923976,0.5555555555555556
2013,johnsch04,22,147,0.392,0.307,0.835,4.4,2.0,0.6,0.6054421768707483,0.2108843537414966,0.54421768707483
2013,johnsor01,23,103,0.358,0.311,0.727,3.2,1.7,0.7,0.1941747572815534,0.13592233009708737,0.46601941747572817
2013,johnsda03,23,7,0.0,0.0,0.0,0.0,0.9,0.3,0.14285714285714285,0.0,0.2857142857142857
2013,jonesde01,22,63,0.436,0.257,0.667,3.7,1.7,0.3,0.30158730158730157,0.3492063492063492,0.47619047619047616
2013,joneske01,23,32,0.402,0.4242836158192093,0.6,3.0,2.4,0.3,0.28125,0.15625,0.25
2013,jonespe01,21,143,0.42,0.293,0.66,3.4,1.8,0.4,0.2517482517482518,0.23076923076923078,0.4195804195804196
2013,joneste01,21,234,0.501,0.297,0.621,10.4,5.7,1.0,0.6239316239316239,1.1538461538461537,0.9358974358974359
2013,josepkr01,24,10,0.14300000000000002,0.0,0.625,0.9,0.7,0.1,0.3,0.0,0.2
2013,kiddgmi01,19,421,0.47700000000000004,0.27699999999999997,0.7140000000000001,8.8,5.6,1.2,0.6983372921615202,0.7078384798099763,0.9121140142517815
2013,kravtvi01,25,45,0.672,0.4242836158192093,0.33299999999999996,2.2,1.4,0.2,0.1111111111111111,0.2222222222222222,0.4444444444444444
2013,lambdo01,21,100,0.381,0.39399999999999996,0.7,3.5,1.0,0.8,0.24,0.01,0.53
2013,lambje01,20,435,0.44299999999999995,0.33899999999999997,0.853,10.2,3.7,1.5,0.6827586206896552,0.3471264367816092,0.8206896551724138
2013,leoname01,20,393,0.479,0.385,0.828,5.6,3.7,0.9,0.17557251908396945,0.28498727735368956,0.6819338422391857
2013,lillada01,22,549,0.434,0.368,0.889,23.5,4.2,6.3,0.970856102003643,0.3114754098360656,2.759562841530055
2013,machasc01,22,10,0.583,0.5,1.0,1.8,0.1,0.9,0.3,0.0,0.8
2013,marshke01,21,160,0.39899999999999997,0.37,0.611,5.0,1.6,4.9,0.66875,0.0625,1.78125
2013,melofa01,22,6,0.5,0.4242836158192093,0.25,1.2,0.5,0.0,0.3333333333333333,0.3333333333333333,0.16666666666666666
2013,middlkh01,21,455,0.451,0.38799999999999996,0.87,15.7,4.4,3.2,1.298901098901099,0.1956043956043956,1.8835164835164835
2013,milleda01,22,253,0.418,0.382,0.83,6.0,1.7,1.4,0.43478260869565216,0.24110671936758893,0.6442687747035574
2013,millequ01,20,69,0.35,0.292,0.706,4.3,2.4,0.5,0.43478260869565216,0.5362318840579711,0.782608695652174
2013,motiedo01,22,251,0.469,0.3,0.597,7.3,3.8,1.1,0.4701195219123506,0.32669322709163345,1.1434262948207172
2013,moultar01,22,59,0.547,0.4242836158192093,0.667,3.6,3.1,0.2,0.423728813559322,0.23728813559322035,0.4406779661016949
2013,murphke01,22,17,0.25,0.2,0.4242836158192093,0.9,0.2,0.1,0.058823529411764705,0.0,0.17647058823529413
2013,nichoan01,23,285,0.467,0.321,0.773,6.0,3.0,0.4,0.2596491228070175,0.3333333333333333,0.743859649122807
2013,oquinky01,22,443,0.518,0.209,0.748,5.6,4.6,1.3,0.4108352144469526,0.9683972911963883,0.9887133182844243
2013,ohlbrti01,24,3,0.33299999999999996,0.4242836158192093,1.0,1.0,0.3,0.3,0.3333333333333333,0.0,1.3333333333333333
2013,plumlmi01,24,346,0.542,0.4242836158192093,0.5429999999999999,4.9,4.5,0.5,0.4421965317919075,0.7398843930635838,0.8901734104046243
2013,prigipa01,35,270,0.425,0.379,0.872,3.5,1.9,2.8,0.9925925925925926,0.022222222222222223,0.9518518518518518
2013,riverau01,20,484,0.41700000000000004,0.34700000000000003,0.637,9.2,2.0,2.4,0.6942148760330579,0.1859504132231405,1.1756198347107438
2013,roberbr01,27,314,0.41100000000000003,0.35600000000000004,0.9079999999999999,6.6,1.3,2.3,0.42038216560509556,0.06050955414012739,0.8662420382165605
2013,robinth01,21,313,0.47,0.0,0.505,4.9,4.8,0.6,0.5143769968051118,0.3546325878594249,1.0191693290734825
2013,rosste01,21,492,0.423,0.374,0.8190000000000001,10.5,2.8,1.1,0.8130081300813008,0.3333333333333333,0.8902439024390244
2013,sacrero01,23,189,0.436,0.0,0.6709999999999999,4.2,3.1,0.7,0.2962962962962963,0.582010582010582,0.5396825396825397
2013,scottmi01,24,436,0.46399999999999997,0.364,0.755,7.1,3.1,0.9,0.31422018348623854,0.12614678899082568,0.7155963302752294
2013,shengto01,21,45,0.451,0.125,0.5,1.3,0.9,0.4,0.13333333333333333,0.044444444444444446,0.5111111111111111
2013,shvedal01,24,182,0.369,0.306,0.762,7.4,2.0,2.5,0.6043956043956044,0.2692307692307692,1.335164835164835
2013,simshe01,22,135,0.47100000000000003,0.174,0.767,7.6,5.0,1.0,0.562962962962963,0.4740740740740741,1.1333333333333333
2013,singlky01,24,356,0.418,0.36200000000000004,0.7859999999999999,6.5,2.9,0.8,0.5702247191011236,0.3089887640449438,0.7808988764044944
2013,sullija01,20,269,0.436,0.272,0.723,10.8,7.5,1.8,0.6691449814126395,0.5985130111524164,1.2342007434944238
2013,tayloje03,23,132,0.409,0.319,0.665,6.1,2.0,0.8,0.5454545454545454,0.1590909090909091,0.696969696969697
2013,tayloty01,22,61,0.354,0.36,0.684,2.9,0.5,0.9,0.4098360655737705,0.01639344262295082,0.9180327868852459
2013,teaguma01,19,91,0.34299999999999997,0.222,0.6609999999999999,2.4,1.0,1.5,0.25274725274725274,0.13186813186813187,0.8461538461538461
2013,teletmi01,27,324,0.406,0.371,0.755,8.1,3.2,0.8,0.32098765432098764,0.25308641975308643,0.7870370370370371
2013,valanjo01,20,489,0.5579999999999999,0.35700000000000004,0.7859999999999999,12.1,8.5,0.8,0.37627811860940696,1.0408997955010224,1.5030674846625767
2013,varnaja01,24,37,0.5820000000000001,0.4242836158192093,0.518,2.9,1.9,0.4,0.2972972972972973,0.8378378378378378,0.43243243243243246
2013,waitedi01,21,409,0.41200000000000003,0.34700000000000003,0.6920000000000001,13.2,2.7,2.8,0.9462102689486552,0.2616136919315403,1.821515892420538
2013,waynsma01,21,29,0.3,0.226,0.895,2.7,0.3,1.0,0.27586206896551724,0.0,0.5172413793103449
2013,wrighch02,23,3,0.5,0.4242836158192093,0.4242836158192093,0.7,0.0,0.0,0.0,0.0,0.3333333333333333
2013,wroteto01,19,145,0.413,0.231,0.647,11.1,2.5,3.0,0.9448275862068966,0.19310344827586207,2.586206896551724
2013,zellelu01,25,16,0.34600000000000003,0.2,0.4242836158192093,1.2,0.6,0.2,0.0,0.0,0.0
2013,zellety01,23,412,0.509,0.28600000000000003,0.764,7.0,4.4,0.9,0.2524271844660194,0.5849514563106796,0.8446601941747572
2012,allenla01,22,388,0.47100000000000003,0.133,0.682,4.8,4.8,1.0,0.30927835051546393,0.5515463917525774,0.6623711340206185
2012,ayongu01,26,135,0.536,0.0,0.504,4.7,4.4,1.3,0.7407407407407407,0.5407407407407407,0.9037037037037037
2012,bensoke02,23,3,0.0,0.4242836158192093,0.4242836158192093,0.0,1.0,0.0,0.0,0.0,0.0
2012,biyombi01,19,583,0.517,0.0,0.5710000000000001,4.9,6.3,0.5,0.2555746140651801,1.3773584905660377,0.9073756432246999
2012,brookma01,23,200,0.447,0.345,0.7509999999999999,8.0,2.1,1.4,0.6,0.21,1.24
2012,burksal01,20,429,0.423,0.355,0.7709999999999999,9.5,3.0,1.7,0.6060606060606061,0.17482517482517482,1.2517482517482517
2012,butleji01,22,523,0.45399999999999996,0.341,0.835,16.7,4.9,3.5,1.5717017208413002,0.47036328871892924,1.462715105162524
2012,byarsde01,27,2,0.273,0.0,1.0,5.0,5.5,0.5,1.0,0.0,0.0
2012,coleno01,23,360,0.40700000000000003,0.324,0.743,7.0,2.0,2.7,0.7777777777777778,0.09444444444444444,1.4361111111111111
2012,dawsoer01,27,4,0.583,0.4242836158192093,0.5,3.8,2.5,0.0,0.25,0.5,0.75
2012,dentmju01,26,8,0.33299999999999996,0.14300000000000002,0.667,3.3,1.0,1.3,0.25,0.0,0.875
2012,dysonje01,24,9,0.396,0.125,0.778,7.4,2.1,2.0,1.2222222222222223,0.2222222222222222,2.2222222222222223
2012,farieke01,22,478,0.546,0.222,0.654,11.4,8.1,1.0,0.7343096234309623,0.8200836820083682,1.3096234309623431
2012,footeje01,24,4,0.33299999999999996,0.4242836158192093,0.4242836158192093,1.0,1.5,0.0,0.0,0.25,0.5
2012,fortsco01,23,10,0.344,0.231,0.667,3.5,1.5,1.0,0.3,0.0,1.0
2012,fredeji01,22,241,0.409,0.37200000000000005,0.879,6.0,1.0,1.4,0.3900414937759336,0.04564315352697095,0.9253112033195021
2012,gladnmi01,25,26,0.424,0.4242836158192093,0.5,2.2,2.2,0.2,0.15384615384615385,0.7692307692307693,0.2692307692307692
2012,goudean01,23,49,0.39299999999999996,0.345,0.875,4.0,0.7,0.5,0.20408163265306123,0.04081632653061224,0.5714285714285714
2012,hamiljo02,21,151,0.408,0.35700000000000004,0.67,5.9,2.8,0.8,0.48344370860927155,0.2251655629139073,0.6754966887417219
2012,harpeju01,22,22,0.34,0.276,0.33299999999999996,2.0,0.8,0.2,0.13636363636363635,0.13636363636363635,0.5454545454545454
2012,harrejo01,22,75,0.43799999999999994,0.34700000000000003,0.629,3.5,3.0,0.3,0.4,0.48,0.44
2012,harrite01,24,42,0.3,0.17,0.677,2.3,1.8,0.8,0.2619047619047619,0.11904761904761904,1.0
2012,harrito02,19,546,0.47100000000000003,0.364,0.8220000000000001,15.4,6.0,1.9,0.7362637362637363,0.47985347985347987,1.3736263736263736
2012,higgico01,22,44,0.324,0.2,0.6940000000000001,3.7,0.9,0.9,0.18181818181818182,0.13636363636363635,0.8863636363636364
2012,hobsoda01,24,5,0.154,0.0,0.4242836158192093,0.8,0.6,1.2,0.0,0.0,0.4
2012,honeyty01,21,24,0.314,0.2,0.7140000000000001,1.2,1.0,0.4,0.16666666666666666,0.16666666666666666,0.2916666666666667
2012,hornede01,23,8,0.25,0.0,0.75,0.6,0.6,0.0,0.0,0.0,0.125
2012,irvinky01,19,508,0.465,0.39,0.875,22.2,3.6,5.7,1.3228346456692914,0.3484251968503937,2.643700787401575
2012,jacksre01,21,530,0.429,0.33299999999999996,0.8590000000000001,12.9,3.0,4.4,0.7113207547169811,0.11509433962264151,1.9377358490566037
2012,jenkich01,22,110,0.434,0.182,0.754,3.7,0.9,1.9,0.43636363636363634,0.07272727272727272,0.7363636363636363
2012,johnsca01,29,15,0.314,0.267,0.33299999999999996,1.8,0.6,1.5,0.5333333333333333,0.0,0.4666666666666667
2012,johnsiv01,27,125,0.517,0.158,0.662,6.5,3.9,0.6,0.792,0.256,1.12
2012,johnsja02,22,36,0.446,0.4242836158192093,0.667,3.2,1.6,0.2,0.1388888888888889,0.3888888888888889,0.3888888888888889
2012,jordaje01,25,65,0.528,0.4242836158192093,0.852,2.8,2.0,0.3,0.13846153846153847,0.3230769230769231,0.36923076923076925
2012,josepco01,20,528,0.444,0.327,0.7609999999999999,6.9,2.6,2.8,0.7689393939393939,0.21022727272727273,0.9848484848484849
2012,kanteen01,19,583,0.541,0.294,0.78,11.9,7.6,0.8,0.40480274442538594,0.44596912521440824,1.58147512864494
2012,kennedj01,22,2,0.41700000000000004,0.5,0.0,6.0,3.5,1.5,1.0,0.0,1.5
2012,knighbr03,20,421,0.413,0.354,0.812,14.5,3.2,4.0,0.8907363420427553,0.171021377672209,2.489311163895487
2012,leema01,21,36,0.382,0.294,0.703,3.9,1.8,1.4,0.5555555555555556,0.2777777777777778,0.75
2012,leonaka01,20,467,0.495,0.38299999999999995,0.848,17.7,6.3,2.4,1.7751605995717346,0.6702355460385439,1.4539614561027838
2012,leslitr01,21,10,0.35700000000000004,0.4242836158192093,0.444,1.4,0.9,0.5,0.2,0.2,0.2
2012,leuerjo01,22,377,0.484,0.32799999999999996,0.767,6.4,3.8,0.8,0.363395225464191,0.27055702917771884,0.6870026525198939
2012,liggide01,23,177,0.402,0.35200000000000004,0.5489999999999999,2.0,1.4,0.7,0.6101694915254238,0.1751412429378531,0.4858757062146893
2012,macksh01,21,456,0.423,0.33,0.731,6.6,2.0,3.1,0.6578947368421053,0.05263157894736842,1.2280701754385965
2012,macklve01,25,23,0.5429999999999999,0.4242836158192093,0.5710000000000001,2.0,1.5,0.2,0.17391304347826086,0.17391304347826086,0.13043478260869565
2012,mooreet01,22,515,0.45799999999999996,0.392,0.7440000000000001,8.0,2.0,1.8,0.6757281553398058,0.22330097087378642,0.9145631067961165
2012,morrida01,21,132,0.384,0.322,0.63,3.3,1.0,1.4,0.3409090909090909,0.015151515151515152,0.8484848484848485
2012,morrima03,22,545,0.431,0.36,0.747,11.5,4.6,1.5,0.6954128440366972,0.25871559633027524,1.161467889908257
2012,morrima02,22,579,0.449,0.33799999999999997,0.778,11.6,5.5,1.7,0.8963730569948186,0.5734024179620034,1.616580310880829
2012,ortonda01,21,51,0.485,0.0,0.597,2.8,2.5,0.5,0.35294117647058826,0.5490196078431373,0.5686274509803921
2012,pargoje01,25,83,0.373,0.313,0.652,4.7,1.0,1.8,0.3373493975903614,0.024096385542168676,1.1566265060240963
2012,parsoch01,23,435,0.462,0.373,0.713,12.8,4.5,2.8,0.9379310344827586,0.3471264367816092,1.5034482758620689
2012,reidry01,25,5,0.8,0.4242836158192093,0.4242836158192093,1.6,0.4,0.0,0.0,0.0,0.2
2012,rubiori01,21,498,0.38799999999999996,0.322,0.838,11.1,4.2,7.7,1.9257028112449799,0.13253012048192772,2.7369477911646585
2012,russewa02,29,28,0.34700000000000003,0.308,0.636,3.0,0.9,2.1,0.6428571428571429,0.03571428571428571,1.1785714285714286
2012,selbyjo01,20,38,0.33,0.14300000000000002,0.72,2.2,0.5,0.9,0.23684210526315788,0.0,0.9473684210526315
2012,shumpim01,21,446,0.39299999999999996,0.34,0.7659999999999999,7.3,3.4,1.9,1.1233183856502242,0.2645739910313901,1.163677130044843
2012,silasxa01,24,4,0.222,0.125,0.667,2.8,1.5,0.8,0.25,0.0,0.75
2012,singlch01,22,148,0.376,0.319,0.633,4.1,3.2,0.6,0.7905405405405406,0.38513513513513514,0.6756756756756757
2012,sloando01,24,218,0.409,0.31,0.754,5.5,2.1,3.0,0.38073394495412843,0.03669724770642202,1.055045871559633
2012,smithgr02,21,149,0.617,0.0,0.5760000000000001,4.0,3.3,0.3,0.21476510067114093,0.3959731543624161,0.436241610738255
2012,smithje01,24,5,0.214,0.16699999999999998,0.4242836158192093,1.4,1.4,0.8,1.0,0.0,0.0
2012,smithno01,23,84,0.371,0.26,0.7140000000000001,3.3,1.0,1.2,0.2976190476190476,0.047619047619047616,0.8452380952380952
2012,stiemgr01,26,203,0.509,0.0,0.705,3.2,3.3,0.5,0.5812807881773399,1.1428571428571428,0.7044334975369458
2012,stoneju01,23,70,0.444,0.313,0.7,1.1,1.1,1.1,0.22857142857142856,0.11428571428571428,0.35714285714285715
2012,thomais02,22,485,0.43700000000000006,0.36,0.8740000000000001,18.6,2.5,5.1,0.9298969072164949,0.10309278350515463,2.358762886597938
2012,thomala01,23,392,0.41700000000000004,0.38299999999999995,0.797,5.2,2.6,0.7,0.37755102040816324,0.14030612244897958,0.6632653061224489
2012,thomama01,23,40,0.435,0.091,0.6,1.9,2.4,0.4,0.15,0.175,0.625
2012,thomptr02,21,24,0.39299999999999996,0.308,0.7140000000000001,2.4,1.0,0.1,0.125,0.125,0.25
2012,thompkl01,21,615,0.45899999999999996,0.419,0.848,19.5,3.5,2.3,0.9121951219512195,0.5398373983739837,1.7121951219512195
2012,thompmy02,23,5,0.292,0.364,0.4242836158192093,3.6,1.0,1.4,0.4,0.2,1.0
2012,thomptr01,20,562,0.519,0.0,0.61,9.2,8.6,0.9,0.505338078291815,0.7064056939501779,1.094306049822064
2012,tylerje01,20,104,0.45,0.0,0.557,3.6,2.6,0.2,0.22115384615384615,0.40384615384615385,0.6538461538461539
2012,ubileed01,25,4,0.278,0.2,1.0,3.5,2.5,0.3,0.25,0.25,0.25
2012,veselja01,21,162,0.521,0.0,0.408,3.6,3.5,0.6,0.6604938271604939,0.5185185185185185,0.7592592592592593
2012,vucevni01,21,536,0.502,0.332,0.741,15.7,10.1,2.4,0.8600746268656716,0.9496268656716418,1.757462686567164
2012,walkeke02,21,605,0.418,0.35700000000000004,0.835,19.8,3.8,5.5,1.3206611570247935,0.3851239669421488,2.1768595041322314
2012,willide02,20,428,0.434,0.3,0.71,8.9,4.0,0.7,0.4649532710280374,0.2523364485981308,0.9322429906542056
2012,williel01,22,109,0.42100000000000004,0.31,0.669,4.9,1.5,0.9,0.41284403669724773,0.05504587155963303,0.7155963302752294
2012,willijo03,21,43,0.507,0.4242836158192093,0.652,4.6,3.6,0.3,0.4883720930232558,0.3488372093023256,0.5348837209302325
2012,wrighch01,23,32,0.55,0.0,0.652,3.7,2.0,0.3,0.4375,0.5625,0.40625
2011,adrieje01,24,153,0.474,0.0,0.628,4.6,4.3,0.7,0.32679738562091504,0.5163398692810458,0.5947712418300654
2011,alabiso01,22,26,0.314,0.4242836158192093,0.7,1.5,2.3,0.2,0.15384615384615385,0.4230769230769231,0.3076923076923077
2011,aldrico01,22,339,0.527,0.4242836158192093,0.738,3.1,3.3,0.5,0.40412979351032446,0.6873156342182891,0.5870206489675516
2011,aminual01,20,670,0.423,0.337,0.747,7.7,6.1,1.2,0.9567164179104478,0.5671641791044776,1.2208955223880598
2011,anderja01,21,247,0.41100000000000003,0.321,0.755,5.8,2.3,1.2,0.4898785425101215,0.22267206477732793,0.8744939271255061
2011,asikom01,24,471,0.528,0.0,0.551,5.3,7.1,0.6,0.35456475583864117,0.7197452229299363,1.1507430997876857
2011,babbilu01,21,381,0.408,0.402,0.747,4.8,2.2,0.6,0.2335958005249344,0.15223097112860892,0.4330708661417323
2011,bledser01,21,570,0.455,0.336,0.794,14.1,3.9,4.8,1.4859649122807017,0.4824561403508772,2.6491228070175437
2011,booketr01,23,532,0.515,0.305,0.636,6.9,5.5,1.1,0.6672932330827067,0.5206766917293233,1.0150375939849625
2011,brackcr01,23,17,0.265,0.214,0.5,1.8,1.1,0.5,0.058823529411764705,0.058823529411764705,0.23529411764705882
2011,bradlav01,20,522,0.436,0.364,0.778,12.0,3.0,1.8,1.0306513409961686,0.21264367816091953,1.446360153256705
2011,caracde01,22,41,0.485,0.4242836158192093,0.7390000000000001,2.0,1.0,0.2,0.0975609756097561,0.24390243902439024,0.4634146341463415
2011,collish01,23,20,0.28,0.2,1.0,0.9,0.3,0.4,0.1,0.0,0.2
2011,cousima01,24,4,0.667,0.4242836158192093,0.4242836158192093,1.0,0.8,0.0,0.0,0.25,0.25
2011,couside01,20,565,0.461,0.332,0.737,21.2,10.9,3.2,1.424778761061947,1.2336283185840708,3.5398230088495577
2011,crawfjo02,22,281,0.41100000000000003,0.317,0.826,12.2,2.5,3.1,0.697508896797153,0.08185053380782918,1.8825622775800712
2011,davised01,21,640,0.569,0.0,0.584,6.5,6.8,0.8,0.503125,0.8359375,0.7921875
2011,dowdeza01,26,24,0.408,0.3,0.941,5.0,0.8,2.1,0.8333333333333334,0.08333333333333333,1.2083333333333333
2011,ebankde01,21,63,0.385,0.222,0.722,3.6,1.9,0.4,0.2857142857142857,0.19047619047619047,0.5555555555555556
2011,erdense01,24,69,0.546,0.4242836158192093,0.594,3.8,2.8,0.4,0.36231884057971014,0.42028985507246375,0.7246376811594203
2011,evansje01,23,250,0.569,0.231,0.687,3.5,2.6,0.4,0.36,0.484,0.34
2011,ewingpa02,26,7,0.0,0.0,0.75,0.4,0.3,0.3,0.0,0.14285714285714285,0.14285714285714285
2011,eyengch01,21,51,0.41100000000000003,0.27699999999999997,0.611,6.3,2.7,0.8,0.7254901960784313,0.6470588235294118,0.9803921568627451
2011,favorde01,19,632,0.525,0.21,0.664,11.6,7.2,1.1,0.7879746835443038,1.2863924050632911,1.4161392405063291
2011,fieldla01,22,255,0.473,0.332,0.6659999999999999,6.8,4.3,1.6,0.8313725490196079,0.17647058823529413,1.0588235294117647
2011,forbega01,25,111,0.434,0.34,0.7020000000000001,5.8,2.0,0.9,0.42342342342342343,0.09009009009009009,0.9009009009009009
2011,georgpa01,20,604,0.433,0.37799999999999995,0.8440000000000001,19.8,6.4,3.3,1.7731788079470199,0.4420529801324503,2.5794701986754967
2011,griffbl01,21,604,0.502,0.342,0.6920000000000001,21.9,9.0,4.5,0.9056291390728477,0.5198675496688742,2.6109271523178808
2011,haranlu01,23,70,0.376,0.24100000000000002,0.737,3.6,2.8,0.5,0.3,0.2857142857142857,0.2857142857142857
2011,harrima01,21,93,0.38,0.353,0.738,6.2,2.7,1.4,0.5161290322580645,0.15053763440860216,1.086021505376344
2011,haywago01,20,589,0.446,0.364,0.821,15.1,4.2,3.4,1.0,0.40407470288624786,1.9762308998302207
2011,haywala01,24,72,0.34700000000000003,0.26899999999999996,0.767,2.9,1.3,0.5,0.2361111111111111,0.1111111111111111,0.3888888888888889
2011,henryxa01,19,185,0.406,0.325,0.635,5.7,1.9,0.6,0.5405405405405406,0.12432432432432433,0.7513513513513513
2011,jamesda01,23,39,0.415,0.0,0.667,3.8,3.4,0.7,0.5897435897435898,0.5128205128205128,0.9743589743589743
2011,jetereu01,27,62,0.409,0.2,0.902,4.1,1.1,2.6,0.46774193548387094,0.03225806451612903,0.8225806451612904
2011,johnsar02,21,47,0.45799999999999996,0.4,0.679,3.3,1.0,1.2,0.2127659574468085,0.02127659574468085,0.9361702127659575
2011,johnsch03,25,71,0.562,0.4242836158192093,0.6990000000000001,2.9,1.9,0.2,0.22535211267605634,0.647887323943662,0.5352112676056338
2011,johnswe01,23,609,0.40399999999999997,0.337,0.741,7.0,3.2,1.1,0.7684729064039408,0.6600985221674877,0.8620689655172413
2011,jonesdo02,22,80,0.366,0.095,0.7290000000000001,3.1,1.4,1.8,0.3625,0.125,0.95
2011,lawalga01,22,1,0.42428361581920937,0.4242836158192093,0.4242836158192093,0.0,0.0,0.0,0.0,0.0,0.0
2011,linje01,22,480,0.433,0.342,0.809,11.6,2.8,4.3,1.08125,0.3645833333333333,2.2604166666666665
2011,monrogr01,20,632,0.514,0.059000000000000004,0.7040000000000001,13.2,8.3,2.1,1.0632911392405062,0.5743670886075949,1.8765822784810127
2011,mozgoti01,24,454,0.535,0.19,0.738,6.8,4.9,0.6,0.30616740088105726,0.8436123348017621,1.1607929515418502
2011,ndiayha01,24,33,0.467,0.4242836158192093,0.462,0.6,0.8,0.1,0.06060606060606061,0.2727272727272727,0.18181818181818182
2011,nealga01,26,352,0.42200000000000004,0.382,0.85,9.9,2.2,1.6,0.4119318181818182,0.028409090909090908,1.0369318181818181
2011,owensla01,28,19,0.442,0.444,0.5379999999999999,2.8,1.5,0.6,0.47368421052631576,0.3157894736842105,0.3684210526315789
2011,pattepa01,21,622,0.45,0.36700000000000005,0.7490000000000001,6.9,4.1,1.1,0.5578778135048231,0.45819935691318325,0.6720257234726688
2011,pekovni01,25,271,0.518,0.4242836158192093,0.76,12.6,6.7,0.7,0.5166051660516605,0.5571955719557196,1.5276752767527675
2011,pittmde01,22,50,0.45,0.4242836158192093,0.545,2.3,1.8,0.2,0.16,0.16,0.44
2011,pondequ01,22,355,0.423,0.35600000000000004,0.746,4.5,1.8,0.7,0.3436619718309859,0.13802816901408452,0.5014084507042254
2011,rautian01,24,5,0.429,0.25,0.5,1.6,0.2,0.6,0.2,0.0,1.4
2011,samuesa01,22,109,0.445,0.0,0.653,5.9,3.4,0.4,0.3486238532110092,0.3761467889908257,1.055045871559633
2011,sandela01,22,238,0.48,0.0,0.5529999999999999,6.4,5.7,0.7,0.6386554621848739,1.8025210084033614,0.9411764705882353
2011,serapke01,21,423,0.489,0.0,0.715,5.9,3.5,0.6,0.20803782505910165,0.7186761229314421,1.0614657210401892
2011,shakumu01,26,25,0.33899999999999997,0.091,0.529,2.1,0.9,1.2,0.2,0.12,0.8
2011,silerga01,24,21,0.5479999999999999,0.4242836158192093,0.5,2.1,1.3,0.1,0.047619047619047616,0.19047619047619047,0.47619047619047616
2011,smithis01,22,542,0.42700000000000005,0.306,0.6779999999999999,7.4,2.4,3.8,0.7011070110701108,0.22140221402214022,1.2601476014760147
2011,splitti01,26,355,0.555,0.14300000000000002,0.6970000000000001,7.9,5.0,1.2,0.5577464788732395,0.5887323943661972,1.0816901408450703
2011,stephla01,20,508,0.444,0.315,0.685,8.6,4.2,2.9,0.655511811023622,0.14173228346456693,1.6456692913385826
2011,sypa01,22,3,0.33299999999999996,0.0,1.0,2.3,1.0,0.7,0.3333333333333333,0.0,1.0
2011,turneev01,22,686,0.435,0.29600000000000004,0.7809999999999999,9.9,4.7,3.5,0.7623906705539358,0.2565597667638484,1.8090379008746356
2011,udohek01,23,384,0.45299999999999996,0.0,0.718,3.5,2.9,0.7,0.4609375,1.1171875,0.578125
2011,uzohbe01,22,60,0.395,0.33299999999999996,0.5870000000000001,4.0,2.1,2.2,0.5,0.18333333333333332,0.7333333333333333
2011,vasqugr01,24,401,0.418,0.349,0.8170000000000001,9.0,2.5,4.8,0.5885286783042394,0.08478802992518704,1.8778054862842892
2011,walljo01,20,573,0.433,0.324,0.7809999999999999,19.0,4.3,9.2,1.7033158813263525,0.6910994764397905,3.823734729493892
2011,warrewi01,21,19,0.371,0.33299999999999996,0.75,1.9,0.6,1.4,0.3157894736842105,0.0,0.42105263157894735
2011,whiteha01,21,343,0.574,0.222,0.593,13.4,11.4,0.6,0.6239067055393586,2.326530612244898,1.5830903790087463
2010,anderda03,29,103,0.44,0.34700000000000003,0.674,4.9,2.8,0.6,0.1941747572815534,0.20388349514563106,0.5728155339805825
2010,anderan02,24,1,0.33299999999999996,0.4242836158192093,0.4242836158192093,2.0,1.0,0.0,0.0,0.0,1.0
2010,pendeje02,22,237,0.5529999999999999,0.4,0.7759999999999999,2.9,2.7,0.4,0.15611814345991562,0.27848101265822783,0.5569620253164557
2010,beaubro01,21,182,0.439,0.325,0.81,7.1,1.9,2.1,0.6813186813186813,0.2857142857142857,1.120879120879121
2010,blairde01,20,424,0.524,0.0,0.608,6.8,5.1,0.8,0.7452830188679245,0.29952830188679247,1.1108490566037736
2010,brockjo01,22,150,0.488,0.0,0.618,2.1,3.1,0.3,0.22,0.06,0.38
2010,brownde04,22,171,0.515,0.317,0.637,5.2,2.4,0.7,0.52046783625731,0.1871345029239766,0.6374269005847953
2010,budinch01,21,407,0.43,0.35200000000000004,0.797,7.9,3.0,1.2,0.5233415233415234,0.1597051597051597,0.7616707616707616
2010,carrode01,23,554,0.43,0.36,0.743,9.1,4.3,1.3,0.9314079422382672,0.26353790613718414,0.868231046931408
2010,casspom01,21,588,0.45399999999999996,0.368,0.6779999999999999,7.9,4.0,1.1,0.6156462585034014,0.22789115646258504,1.0119047619047619
2010,clarkea01,22,261,0.40299999999999997,0.32799999999999996,0.664,4.4,3.0,0.5,0.31800766283524906,0.5210727969348659,0.6704980842911877
2010,collida01,22,708,0.47100000000000003,0.39399999999999996,0.853,12.5,2.7,5.0,1.1567796610169492,0.1497175141242938,1.9519774011299436
2010,cunnida01,22,715,0.469,0.345,0.649,5.8,3.7,0.7,0.641958041958042,0.4699300699300699,0.49230769230769234
2010,curryja01,24,1,0.42428361581920937,0.4242836158192093,0.4242836158192093,0.0,0.0,0.0,0.0,0.0,0.0
2010,curryst01,21,694,0.47700000000000004,0.436,0.905,23.5,4.5,6.6,1.7291066282420748,0.2219020172910663,3.11671469740634
2010,dayeau01,21,293,0.402,0.35100000000000003,0.778,5.2,2.6,0.7,0.39590443686006827,0.3993174061433447,0.6962457337883959
2010,derozde01,20,752,0.451,0.28300000000000003,0.828,19.9,4.3,3.4,0.9853723404255319,0.29388297872340424,2.023936170212766
2010,douglto01,23,394,0.40399999999999997,0.354,0.8240000000000001,7.6,2.2,2.3,0.8857868020304569,0.07614213197969544,1.0406091370558375
2010,ellinwa01,22,645,0.41,0.379,0.846,8.2,2.2,1.1,0.5550387596899224,0.07441860465116279,0.6790697674418604
2010,evansty01,20,594,0.44,0.32299999999999995,0.757,15.7,4.6,4.8,1.2356902356902357,0.37373737373737376,2.506734006734007
2010,flynnjo01,20,163,0.4,0.33799999999999997,0.809,9.2,1.9,3.9,0.7484662576687117,0.04294478527607362,2.3435582822085887
2010,gainesu01,23,113,0.397,0.301,0.562,4.5,1.5,1.8,0.7345132743362832,0.02654867256637168,0.8230088495575221
2010,geeal01,22,417,0.434,0.325,0.754,6.6,3.3,1.1,0.9088729016786571,0.2422062350119904,1.0719424460431655
2010,gibsota01,24,737,0.512,0.212,0.7090000000000001,9.8,6.4,1.0,0.5739484396200815,1.0963364993215738,1.2116689280868385
2010,gildetr01,25,2,1.0,0.4242836158192093,0.4242836158192093,1.0,0.5,0.0,0.5,0.0,0.0
2010,greenda02,22,620,0.424,0.40399999999999997,0.8170000000000001,9.0,3.5,1.6,0.9822580645161291,0.8161290322580645,1.032258064516129
2010,griffta01,23,8,0.4,0.0,0.5,1.3,0.3,0.1,0.0,0.25,0.125
2010,hansbty01,24,428,0.439,0.136,0.738,6.7,4.2,0.4,0.48364485981308414,0.21261682242990654,0.7453271028037384
2010,hardeja01,20,765,0.44299999999999995,0.365,0.857,24.3,5.2,6.2,1.554248366013072,0.5006535947712418,3.6209150326797386
2010,hendege02,22,535,0.44,0.327,0.7929999999999999,11.2,3.2,1.9,0.6691588785046729,0.34205607476635513,1.194392523364486
2010,hilljo01,22,409,0.49700000000000005,0.136,0.6990000000000001,7.9,5.8,0.8,0.36674816625916873,0.6650366748166259,1.0415647921760391
2010,holidjr01,19,652,0.452,0.355,0.784,15.6,3.8,6.4,1.478527607361963,0.48466257668711654,2.73159509202454
2010,hudsole01,25,57,0.375,0.27699999999999997,0.8059999999999999,4.7,1.4,1.2,0.5614035087719298,0.14035087719298245,0.9824561403508771
2010,huntech01,25,60,0.502,0.0,0.754,4.5,2.8,0.6,0.21666666666666667,0.5833333333333334,0.5
2010,ibakase01,20,753,0.514,0.35700000000000004,0.7609999999999999,12.3,7.3,0.7,0.42895086321381143,2.1593625498007967,1.301460823373174
2010,jacksce01,23,12,0.3,0.16699999999999998,0.583,1.7,0.7,1.2,0.25,0.16666666666666666,0.9166666666666666
2010,jeffeot01,24,37,0.46,0.16699999999999998,0.667,3.8,2.6,0.6,0.5675675675675675,0.0,0.5675675675675675
2010,jennibr01,20,555,0.387,0.345,0.7959999999999999,14.1,3.0,5.7,1.2234234234234234,0.17657657657657658,2.1675675675675676
2010,jerebjo01,22,635,0.457,0.363,0.77,6.2,4.0,0.8,0.5055118110236221,0.2409448818897638,0.6897637795275591
2010,johnsja01,22,602,0.47700000000000004,0.305,0.695,7.9,3.6,2.1,0.7840531561461794,0.893687707641196,1.4617940199335548
2010,lafayol01,25,1,0.5,0.5,0.4242836158192093,7.0,4.0,2.0,0.0,0.0,1.0
2010,landrma01,24,18,0.37200000000000005,0.321,0.6,2.4,1.1,0.0,0.05555555555555555,0.1111111111111111,0.3333333333333333
2010,lawsoty01,22,551,0.46,0.359,0.77,12.7,2.7,6.0,1.1542649727767695,0.09437386569872959,2.103448275862069
2010,matthwe02,23,724,0.425,0.382,0.826,13.7,3.1,2.2,1.091160220994475,0.20165745856353592,1.3232044198895028
2010,maynoer01,22,267,0.392,0.35,0.721,4.3,1.3,2.8,0.4157303370786517,0.0749063670411985,1.0524344569288389
2010,meeksjo01,22,539,0.42,0.373,0.879,9.3,2.1,1.1,0.7662337662337663,0.06679035250463822,0.7606679035250464
2010,millspa02,21,605,0.431,0.391,0.8490000000000001,8.4,1.7,2.4,0.6396694214876033,0.07768595041322314,1.0
2010,mulleby01,20,189,0.408,0.319,0.706,7.4,4.2,0.8,0.3915343915343915,0.5185185185185185,0.9894179894179894
2010,priceaj01,23,261,0.38,0.316,0.742,5.8,1.4,2.2,0.4789272030651341,0.034482758620689655,0.8773946360153256
2010,summeda01,22,83,0.384,0.36700000000000005,0.642,3.3,1.0,0.3,0.21686746987951808,0.0963855421686747,0.4457831325301205
2010,tayloje02,23,65,0.441,0.284,0.73,5.4,1.7,0.7,0.36923076923076925,0.12307692307692308,1.0
2010,teaguje01,21,712,0.445,0.35600000000000004,0.8420000000000001,12.7,2.5,5.8,1.2050561797752808,0.3455056179775281,2.279494382022472
2010,templga01,23,514,0.408,0.353,0.7290000000000001,5.9,2.1,1.6,0.8501945525291829,0.29571984435797666,0.9299610894941635
2010,thabeha01,22,224,0.5670000000000001,0.4242836158192093,0.578,2.2,2.7,0.1,0.26339285714285715,0.8214285714285714,0.5491071428571429
2010,thornma01,22,483,0.425,0.358,0.83,11.9,2.8,1.4,0.8385093167701864,0.12629399585921325,1.0165631469979297
2010,willire02,23,206,0.456,0.365,0.75,7.8,2.4,1.5,0.42718446601941745,0.06310679611650485,0.6893203883495146
2010,willite01,22,153,0.41200000000000003,0.317,0.659,7.1,3.6,2.4,0.5424836601307189,0.12418300653594772,1.4509803921568627
2010,youngsa01,24,249,0.442,0.28,0.742,5.8,2.3,0.7,0.5381526104417671,0.2289156626506024,0.8192771084337349
2009,ajincal01,20,293,0.503,0.28600000000000003,0.797,5.3,3.9,0.5,0.34812286689419797,0.6177474402730375,0.8498293515358362
2009,alexajo01,22,67,0.41,0.34,0.698,4.2,1.8,0.7,0.23880597014925373,0.44776119402985076,0.7761194029850746
2009,anderry01,20,647,0.42200000000000004,0.38,0.8540000000000001,12.4,5.3,0.9,0.5115919629057187,0.33539412673879443,0.9350850077279753
2009,arthuda01,20,503,0.444,0.35200000000000004,0.765,6.5,3.5,0.8,0.614314115308151,0.610337972166998,0.8389662027833003
2009,augusdj01,21,807,0.413,0.381,0.863,9.8,1.9,4.0,0.6047087980173482,0.03593556381660471,1.513011152416357
2009,batumni01,20,767,0.435,0.358,0.841,11.8,5.3,3.8,0.9517601043024772,0.6414602346805737,1.860495436766623
2009,bayleje01,20,586,0.41100000000000003,0.361,0.818,8.4,2.1,2.9,0.6313993174061433,0.12457337883959044,1.4078498293515358
2009,beaslmi01,20,609,0.465,0.349,0.759,12.4,4.7,1.3,0.5665024630541872,0.5155993431855501,1.6830870279146142
2009,brownbo02,24,158,0.379,0.317,0.8059999999999999,4.4,0.7,1.5,0.25949367088607594,0.02531645569620253,0.7784810126582279
2009,chalmma01,22,646,0.41700000000000004,0.35100000000000003,0.7929999999999999,8.9,2.5,3.7,1.4705882352941178,0.15944272445820434,1.8606811145510835
2009,crawfjo01,22,2,0.3,0.25,1.0,4.5,2.0,0.5,0.5,0.0,0.0
2009,dorsejo01,25,130,0.534,0.0,0.375,2.6,3.9,0.4,0.5153846153846153,0.3384615384615385,0.6615384615384615
2009,douglch01,22,222,0.439,0.32899999999999996,0.831,7.1,2.1,1.1,0.5765765765765766,0.24774774774774774,0.9009009009009009
2009,dragigo01,22,758,0.466,0.363,0.762,13.7,3.1,4.8,1.017150395778364,0.18601583113456466,2.2493403693931397
2009,fernaru01,23,249,0.39899999999999997,0.36,0.84,9.1,2.4,2.2,1.0,0.1606425702811245,1.1485943775100402
2009,gallida01,20,549,0.425,0.376,0.871,15.9,4.9,2.0,0.7941712204007286,0.42805100182149364,1.326047358834244
2009,gasolma01,24,795,0.483,0.35,0.777,15.0,7.7,3.4,0.9207547169811321,1.4566037735849056,2.066666666666667
2009,giddejr01,23,38,0.47600000000000003,0.0,0.565,1.9,1.4,0.3,0.2631578947368421,0.05263157894736842,0.47368421052631576
2009,gordoer01,20,629,0.428,0.374,0.8140000000000001,16.7,2.5,2.9,0.9157392686804452,0.34022257551669316,2.0190779014308426
2009,greendo01,20,253,0.406,0.304,0.701,6.1,2.4,0.7,0.43873517786561267,0.45849802371541504,0.8774703557312253
2009,haddaha01,23,151,0.46299999999999997,0.0,0.632,2.2,2.5,0.3,0.0728476821192053,0.609271523178808,0.609271523178808
2009,hairsma01,21,62,0.512,0.16699999999999998,0.514,2.4,1.2,0.5,0.16129032258064516,0.25806451612903225,0.3709677419354839
2009,hibbero01,22,662,0.465,0.25,0.755,10.0,6.3,1.3,0.3640483383685801,1.7311178247734138,1.56797583081571
2009,hicksjj01,20,534,0.505,0.0,0.617,9.5,6.8,0.8,0.5131086142322098,0.5786516853932584,1.449438202247191
2009,hillge01,22,726,0.45299999999999996,0.37799999999999995,0.8009999999999999,11.2,3.1,3.2,0.9201101928374655,0.290633608815427,1.278236914600551
2009,hillst01,23,1,1.0,0.4242836158192093,0.4242836158192093,2.0,3.0,0.0,0.0,0.0,0.0
2009,hunteot01,22,23,0.469,0.4242836158192093,0.33299999999999996,1.4,1.6,0.0,0.08695652173913043,0.2608695652173913,0.21739130434782608
2009,jacksda01,23,138,0.449,0.235,0.644,2.2,1.5,0.2,0.17391304347826086,0.07971014492753623,0.36231884057971014
2009,jawaina01,22,45,0.435,0.0,0.684,2.8,2.4,0.5,0.2222222222222222,0.2,0.6444444444444445
2009,jeffedo01,25,6,0.5,0.5,0.667,4.8,2.0,1.5,0.6666666666666666,0.16666666666666666,1.0
2009,johnstr01,24,23,0.385,0.33299999999999996,0.9470000000000001,2.6,0.9,0.7,0.08695652173913043,0.043478260869565216,0.4782608695652174
2009,jordade01,20,819,0.67,0.091,0.466,9.6,10.9,0.9,0.5982905982905983,1.6483516483516483,1.3858363858363858
2009,koufoko01,19,686,0.534,0.0,0.5820000000000001,5.7,5.0,0.5,0.42419825072886297,0.7376093294460642,0.6982507288629738
2009,kurzro01,23,40,0.389,0.395,0.8,3.9,2.0,0.5,0.35,0.475,0.4
2009,leeco01,23,787,0.45,0.387,0.853,9.7,2.7,1.7,1.0050825921219821,0.2630241423125794,0.9542566709021602
2009,lopezbr01,20,717,0.498,0.34700000000000003,0.7909999999999999,17.3,6.5,1.5,0.5704323570432357,1.7419804741980474,1.8619246861924685
2009,lopezro01,20,766,0.531,0.21600000000000003,0.757,9.1,5.3,0.8,0.24673629242819844,1.2101827676240209,1.114882506527415
2009,loveke01,20,657,0.442,0.37,0.8270000000000001,18.3,11.3,2.3,0.6894977168949772,0.4611872146118721,1.93455098934551
2009,martica01,24,243,0.392,0.37200000000000005,0.7290000000000001,5.1,1.9,0.5,0.3991769547325103,0.1111111111111111,0.5267489711934157
2009,mayooj01,21,547,0.429,0.373,0.82,13.8,3.1,2.9,1.0219378427787935,0.2577696526508227,2.0658135283363803
2009,mbahalu01,22,686,0.45399999999999996,0.335,0.66,6.4,4.1,0.9,0.8892128279883382,0.38338192419825073,0.9402332361516035
2009,mcgeeja01,21,633,0.57,0.07400000000000001,0.588,8.0,5.1,0.4,0.3949447077409163,1.5529225908372828,0.9684044233807267
2009,morroan01,23,564,0.447,0.41700000000000004,0.88,9.4,2.2,0.9,0.5620567375886525,0.13297872340425532,0.6737588652482269
2009,nelsode01,23,13,0.444,0.0,0.35700000000000004,4.1,1.8,1.0,0.6923076923076923,0.15384615384615385,1.1538461538461537
2009,odengr01,21,105,0.574,0.4242836158192093,0.6579999999999999,8.0,6.2,0.5,0.38095238095238093,1.2380952380952381,1.3142857142857143
2009,randoan01,19,252,0.45299999999999996,0.24100000000000002,0.74,7.1,4.3,0.7,0.5952380952380952,0.8888888888888888,1.1825396825396826
2009,rosede01,20,546,0.45299999999999996,0.304,0.8240000000000001,18.8,3.5,5.6,0.7509157509157509,0.3443223443223443,2.6556776556776556
2009,rushbr01,23,481,0.426,0.402,0.706,6.8,2.9,1.0,0.46153846153846156,0.5446985446985447,0.8316008316008316
2009,sharpwa01,22,8,0.364,0.0,0.0,1.0,0.4,0.0,0.0,0.25,0.0
2009,singlse01,23,37,0.365,0.4,0.857,2.4,0.9,0.8,0.2972972972972973,0.0,0.6216216216216216
2009,speigma01,21,705,0.45899999999999996,0.35600000000000004,0.797,7.9,4.1,0.7,0.2680851063829787,0.5049645390070922,0.8709219858156029
2009,taylomi01,23,51,0.41200000000000003,0.325,0.691,5.7,1.7,2.1,0.7058823529411765,0.0,1.4313725490196079
2009,thompja02,22,588,0.496,0.14300000000000002,0.657,8.9,6.6,1.1,0.4812925170068027,0.7040816326530612,1.2704081632653061
2009,tollian01,23,664,0.418,0.376,0.772,6.4,3.4,0.9,0.37650602409638556,0.3042168674698795,0.6400602409638554
2009,ukicro01,24,85,0.387,0.18899999999999997,0.746,4.0,0.9,1.9,0.36470588235294116,0.023529411764705882,0.7764705882352941
2009,walkebi01,21,181,0.446,0.369,0.76,6.0,2.2,0.8,0.5138121546961326,0.14917127071823205,0.7845303867403315
2009,weaveky01,22,73,0.441,0.353,0.736,5.0,2.2,1.6,0.7534246575342466,0.4520547945205479,1.095890410958904
2009,weemsso01,22,183,0.465,0.28300000000000003,0.7020000000000001,6.5,2.2,1.4,0.45901639344262296,0.15300546448087432,1.0819672131147542
2009,westbru01,20,821,0.434,0.308,0.8009999999999999,23.0,7.0,8.4,1.756394640682095,0.30450669914738127,4.05115712545676
2009,whitedj01,22,138,0.507,0.33299999999999996,0.72,5.9,3.2,0.6,0.2826086956521739,0.41304347826086957,0.47101449275362317
2009,willija04,25,90,0.369,0.313,0.7190000000000001,3.8,1.5,0.6,0.24444444444444444,0.08888888888888889,0.3888888888888889
2009,yuesu01,23,10,0.273,0.0,0.4242836158192093,0.6,0.0,0.2,0.1,0.1,0.3
